sample	TME
TCGA-61-2008	F
TCGA-29-1702	D
TCGA-24-2261	IE
TCGA-13-1500	IE/F
TCGA-29-2427	D
TCGA-36-1578	D
TCGA-13-1404	D
TCGA-61-2088	IE
TCGA-36-1571	D
TCGA-25-1329	D
TCGA-25-1312	IE
TCGA-61-1995	D
TCGA-61-1918	IE
TCGA-24-1464	F
TCGA-36-2537	IE/F
TCGA-36-1570	D
TCGA-25-1628	D
TCGA-30-1891	F
TCGA-61-1914	IE
TCGA-59-2348	IE
TCGA-29-1766	F
TCGA-36-1580	IE/F
TCGA-25-1631	IE/F
TCGA-61-1724	IE
TCGA-25-2397	D
TCGA-24-1430	D
TCGA-61-1911	D
TCGA-13-2060	D
TCGA-29-1710	D
TCGA-13-1504	IE/F
TCGA-61-2094	IE
TCGA-13-2066	IE
TCGA-24-1565	IE
TCGA-13-2061	IE
TCGA-29-1762	D
TCGA-24-1562	D
TCGA-24-1544	IE/F
TCGA-24-2290	IE
TCGA-25-1323	IE/F
TCGA-29-2431	IE/F
TCGA-25-2404	D
TCGA-29-1697	D
TCGA-13-1482	IE/F
TCGA-29-1771	IE/F
TCGA-61-1915	IE
TCGA-24-1548	D
TCGA-13-1492	D
TCGA-24-1103	D
TCGA-24-1474	IE
TCGA-24-1927	IE
TCGA-24-2024	D
TCGA-36-2530	D
TCGA-25-1318	IE/F
TCGA-25-2399	D
TCGA-29-1688	D
TCGA-24-2289	F
TCGA-13-1409	D
TCGA-24-1435	D
TCGA-24-1558	IE
TCGA-13-1501	IE/F
TCGA-29-1711	IE
TCGA-36-1577	D
TCGA-36-2534	D
TCGA-61-1910	D
TCGA-24-2030	D
TCGA-29-1693	D
TCGA-36-2547	D
TCGA-29-1785	IE/F
TCGA-61-1907	D
TCGA-36-2532	IE
TCGA-13-2065	IE/F
TCGA-23-1122	D
TCGA-24-1431	D
TCGA-29-1698	D
TCGA-24-1920	D
TCGA-25-1313	IE/F
TCGA-29-1690	IE/F
TCGA-29-1763	D
TCGA-13-1494	D
TCGA-61-1741	D
TCGA-09-1664	IE/F
TCGA-24-1553	D
TCGA-13-1497	D
TCGA-24-1436	IE
TCGA-24-1555	D
TCGA-25-2409	D
TCGA-24-1416	D
TCGA-24-2298	IE
TCGA-13-1511	D
TCGA-59-2351	IE/F
TCGA-61-1727	IE
TCGA-30-1887	D
TCGA-36-2544	IE
TCGA-61-2087	IE
TCGA-13-1485	D
TCGA-13-2059	IE
TCGA-09-2056	D
TCGA-13-1489	IE
TCGA-13-1507	D
TCGA-29-1705	IE/F
TCGA-29-1696	IE/F
TCGA-13-1487	D
TCGA-59-2352	IE
TCGA-29-1769	D
TCGA-13-1483	IE/F
TCGA-59-2372	D
TCGA-23-1121	D
TCGA-29-1768	IE/F
TCGA-24-1422	IE/F
TCGA-36-1569	IE/F
TCGA-36-2549	F
TCGA-13-1410	D
TCGA-36-2545	IE/F
TCGA-24-2033	D
TCGA-29-1770	D
TCGA-36-2542	D
TCGA-25-1623	IE/F
TCGA-24-1557	D
TCGA-25-2396	IE/F
TCGA-61-2613	IE/F
TCGA-25-1322	D
TCGA-13-1488	D
01CO008	D
20CO007	IE
05CO029	IE
11CO043	IE/F
16CO011	IE
14CO003	IE
11CO062	IE/F
05CO028	D
11CO042	IE
27CO004	D
16CO003	F
11CO053	IE
09CO019	IE
09CO014	IE
11CO021	IE
20CO004	D
11CO045	F
05CO047	IE
11CO005	IE/F
01CO019	D
01CO015	D
01CO013	D
05CO044	F
15CO001	D
05CO011	IE
11CO008	IE/F
09CO005	D
20CO001	IE/F
11CO022	IE/F
11CO019	IE/F
05CO034	D
11CO077	IE/F
22CO004	IE
11CO051	IE/F
05CO037	D
09CO008	IE
09CO011	IE
05CO049	D
11CO048	IE/F
01CO006	D
11CO061	D
11CO030	F
11CO036	D
05CO035	D
21CO007	D
11CO079	D
11CO018	IE
01CO022	IE
11CO054	IE
11CO052	D
11CO057	D
11CO047	IE/F
11CO007	F
09CO015	D
05CO015	IE
16CO006	D
11CO070	F
22CO006	D
05CO045	F
05CO039	D
01CO014	D
16CO002	F
05CO053	D
11CO033	D
05CO054	IE
11CO032	IE/F
09CO018	IE
11CO031	IE/F
01CO005	D
11CO039	IE
14CO005	D
05CO003	D
06CO001	D
06CO002	F
20CO006	D
05CO041	D
15CO002	IE
05CO020	D
21CO006	F
11CO072	IE
11CO044	IE/F
09CO022	IE
09CO013	D
11CO027	D
09CO006	D
05CO033	F
05CO002	D
11CO020	D
20CO003	IE
11CO037	IE/F
05CO032	D
05CO048	IE/F
05CO026	D
11CO010	IE
11CO058	D
05CO006	D
05CO050	D
04OV018	IE/F
17OV018	IE/F
17OV028	IE
02OV036	IE
01OV030	F
01OV029	IE
04OV023	D
02OV005	IE/F
11OV002	D
13OV003	D
04OV058	D
04OV004	D
26OV002	F
17OV033	IE
04OV031	D
17OV036	F
15OV001	IE/F
17OV015	IE/F
01OV026	F
02OV041	IE
02OV006	IE
04OV051	D
17OV040	IE/F
04OV048	D
04OV027	D
01OV039	IE
04OV045	D
17OV002	D
17OV001	D
04OV057	IE
20OV005	D
04OV039	D
04OV021	D
26OV013	D
17OV030	D
02OV022	D
02OV032	IE
04OV005	IE/F
17OV027	D
01OV017	IE
01OV018	D
04OV011	D
17OV029	D
14OV011	D
04OV001	D
04OV063	IE/F
02OV008	IE
17OV010	IE
26OV008	D
02OV046	D
04OV053	IE
26OV011	F
04OV044	D
01OV047	D
02OV029	D
17OV011	IE/F
17OV017	IE
17OV025	IE
26OV009	D
04OV040	F
04OV033	IE/F
04OV017	D
04OV055	D
04OV036	D
04OV008	D
04OV028	IE/F
17OV039	IE/F
04OV037	D
17OV014	IE/F
04OV054	D
02OV015	D
01OV041	F
04OV012	D
01OV023	D
04OV049	D
02OV023	F
01OV007	IE/F
04OV050	D
18OV001	D
04OV024	D
17OV013	F
04OV013	D
02OV044	D
01BR030	IE/F
01BR009	D
01BR026	D
11BR016	D
11BR042	IE
13BR009	IE
01BR027	IE
11BR014	F
05BR045	D
20BR001	D
11BR004	IE/F
06BR014	D
14BR008	IE/F
11BR018	IE/F
11BR009	D
01BR020	D
03BR005	IE/F
01BR033	IE/F
18BR007	F
11BR059	D
03BR004	IE
11BR019	IE
11BR040	IE/F
11BR032	IE/F
11BR038	D
18BR002	IE/F
18BR019	IE/F
18BR017	D
11BR080	IE
09BR007	D
14BR014	IE/F
20BR008	IE/F
05BR003	IE/F
03BR010	IE
11BR057	IE
03BR002	F
11BR050	IE/F
11BR047	D
05BR005	F
11BR022	IE/F
11BR003	IE
11BR056	D
03BR013	IE/F
01BR001	D
05BR001	IE
05BR016	IE
11BR058	IE/F
11BR054	D
01BR032	D
05BR004	D
01BR044	F
22BR006	F
09BR004	IE
21BR002	D
01BR031	D
01BR043	IE
05BR038	F
01BR010	D
20BR006	D
11BR078	F
11BR055	F
20BR005	D
05BR043	D
06BR006	F
11BR051	F
20BR007	IE
11BR044	IE
01BR042	IE
03BR011	D
22BR005	IE
11BR023	D
01BR040	IE
09BR005	D
16BR012	D
18BR010	F
05BR042	D
11BR024	IE
11BR028	D
03BR006	D
11BR074	F
11BR020	D
11BR043	D
05BR044	IE
06BR003	D
09BR001	D
01BR025	IE
11BR010	IE/F
01BR018	IE
01BR015	D
01BR008	D
11BR049	D
604	IE
11BR076	F
11BR017	D
15BR003	IE/F
05BR026	F
18BR004	D
11BR030	IE
05BR029	IE
18BR009	F
18BR006	D
11BR025	D
18BR003	IE
18BR016	F
21BR001	D
11BR012	IE
05BR009	IE/F
06BR005	D
11BR027	IE
11BR006	F
11BR072	F
01BR023	D
11BR073	IE
11BR013	IE
11BR075	F
01BR017	D
20BR002	F
11BR015	IE
11BR011	D
11BR031	D
11BR036	D
11BR053	D
11BR060	D
14BR005	D
21BR010	D
C3N-00326	D
C3N-00340	F
C3L-00601	IE
C3L-00143	D
C3L-00161	D
C3N-01219	D
C3N-01267	IE/F
C3N-01349	D
C3N-01537	D
C3N-00337	IE/F
C3N-00743	D
C3L-00932	D
C3L-00139	D
C3L-00098	D
C3L-00413	D
C3L-00921	D
C3N-00850	IE
C3N-01825	F
C3L-00145	D
C3N-00324	F
C3N-01521	D
C3N-01520	D
C3N-00379	D
C3N-00321	D
C3N-01212	F
C3L-01307	IE/F
C3L-01257	F
C3L-00947	IE
C3L-01256	F
C3L-01252	IE/F
C3N-00386	D
C3L-00008	D
C3N-00880	D
C3L-00449	F
C3N-00734	IE/F
C3L-00090	D
C3L-00942	IE/F
C3N-01346	D
C3L-00780	F
C3N-00333	F
C3N-00377	D
C3N-00389	IE
C3L-00137	D
C3L-00961	F
C3L-01304	IE
C3L-00006	IE
C3L-00767	D
C3N-01211	IE
C3L-00563	IE/F
C3L-00586	IE
C3L-00949	IE/F
C3N-00335	D
C3N-00323	D
C3N-00388	D
C3N-01217	F
C3L-01246	D
C3L-01312	F
C3L-01275	D
C3L-00946	IE/F
C3L-00770	F
C3L-00781	D
C3L-01311	IE
C3L-00156	D
C3N-00383	IE/F
C3L-01282	IE
C3L-01248	IE/F
C3N-00334	D
C3L-00605	D
C3N-00866	IE
C3N-00328	D
C3L-00358	D
C3L-00032	IE
C3L-00362	IE/F
C3L-01925	D
C3L-01744	IE
C3N-00729	F
C3N-01802	D
C3L-00963	F
C3N-00847	D
C3L-00771	F
C3N-00151	D
C3N-00836	F
C3N-00858	IE
C3L-01249	IE/F
C3L-00361	IE
C3N-00848	D
C3L-00918	F
C3N-01510	D
C3N-00322	IE/F
C3N-00200	D
C3N-00339	D
C3N-01003	D
C3L-00905	IE
C3L-00769	IE/F
C3L-00136	D
C3L-00416	D
C3L-01560	IE/F
C3L-00910	D
C3N-00150	IE/F
C3N-00380	IE
C3L-00010	IE
C3L-01607	IE
C3N-00492	D
C3N-00733	D
C3L-00183	D
C3N-00149	F
C3L-00799	IE
C3N-01648	IE/F
C3N-00177	D
C3L-00583	D
C3L-00814	D
C3N-00244	D
C3N-00832	IE
C3N-01646	IE
C3L-00792	IE
C3L-00026	D
C3N-00953	IE
C3N-00242	D
C3L-00817	F
C3N-01361	D
C3L-00004	IE
C3N-00314	D
C3L-01836	IE
C3L-00813	IE
C3N-00831	IE/F
C3L-00902	IE/F
C3L-01603	D
C3N-01649	D
C3L-01283	IE
C3L-00418	D
C3L-00607	IE
C3L-00096	IE
C3N-00491	D
C3L-00606	D
C3N-01220	F
C3N-00494	IE
C3N-00435	D
C3N-01179	D
C3L-00448	D
C3L-00917	D
C3N-01175	D
C3N-00148	D
C3L-00369	D
C3L-00796	IE
C3L-01302	D
C3L-00088	D
C3N-01180	D
C3L-01352	IE/F
C3L-00581	D
C3L-01287	D
C3L-00800	IE/F
C3L-00765	IE/F
C3L-01286	D
C3L-00907	IE
C3N-01200	D
C3N-00154	IE
C3L-00011	D
C3L-01313	F
C3L-00359	D
C3N-00646	F
C3N-00834	D
C3L-00812	IE/F
C3L-00766	IE/F
C3L-00791	D
C3N-00313	IE
C3L-00447	D
C3L-00610	IE/F
C3L-01553	IE/F
C3L-01281	IE
C3L-00079	D
C3N-01522	D
C3L-01861	IE/F
C3L-01557	IE/F
C3N-00312	IE
C3L-00561	D
C3N-00315	D
C3N-00317	D
C3N-01178	D
C3N-01524	D
C3L-01882	D
C3N-00495	F
C3N-00305	D
C3N-00390	IE
C3L-01288	IE/F
C3N-01213	IE/F
C3L-00790	IE/F
C3N-00320	D
C3N-00577	D
C3N-00573	D
C3L-01885	D
C3N-01808	D
C3N-01651	D
C3N-01176	D
C3N-00168	IE/F
C3L-00908	D
C3N-00310	IE/F
C3N-00852	D
C3N-01261	D
C3L-00103	D
C3L-00097	IE/F
C3L-00360	D
C3N-01214	D
C3N-00437	IE
C3N-00246	D
C3N-00194	IE/F
C3L-00094	D
C3L-00080	D
C3L-00009	F
C3L-00001	IE
C3L-00095	IE/F
C3L-00140	D
C3L-00144	D
C3N-00293	IE/F
C3N-00294	D
C3L-00263	IE/F
C3L-00510	IE
C3N-00167	IE
C3N-00175	IE/F
C3N-00199	D
C3N-00169	F
C3N-00572	IE/F
C3N-00433	IE
C3L-00412	IE/F
11LU035	D
11LU022	IE
11LU016	IE
11LU013	D
C3N-00704	D
C3L-00368	D
C3L-00604	D
C3N-00180	D
C3N-00546	D
C3N-00547	D
C3N-00549	D
C3N-00550	IE
C3N-00551	F
C3N-00552	D
C3N-00559	IE
C3N-00560	D
C3N-00578	IE/F
C3N-00579	D
C3N-00580	D
C3N-01071	IE
C3N-00959	IE/F
C3L-00279	IE/F
C3L-00422	IE
C3L-00893	IE/F
C3L-01330	IE
C3N-01016	D
C3N-01072	D
C3L-00093	IE
C3L-01632	D
C3N-01799	D
C3N-00737	IE
C3N-00203	IE
C3N-00217	D
C3N-00556	D
C3N-00574	F
C3N-01030	D
C3L-00083	F
C3L-01889	D
C3L-01862	D
C3L-01890	IE/F
C3N-01823	F
C3N-01842	D
C3L-00973	D
C3L-02219	D
C3L-02350	IE
C3N-01021	F
C3N-01023	D
C3N-01024	D
C3N-01074	IE
C3N-01405	IE
C3N-01413	IE
C3N-01414	D
C3N-01415	IE
C3N-01416	IE/F
C3N-01489	IE
C3L-00913	IE/F
C3N-02000	IE
C3N-02002	D
C3N-02003	IE
C3N-02067	D
C3L-01682	IE/F
C3L-01683	IE
C3N-00223	D
C3N-00738	IE/F
C3L-02549	IE
C3L-02345	IE/F
C3L-01924	IE
C3L-02365	D
C3L-02348	D
C3N-01410	D
C3N-01488	D
C3N-02087	D
C3N-02089	D
C3N-02145	D
C3N-02149	IE/F
C3N-02155	D
C3N-02158	D
C3L-02508	F
C3N-02380	D
C3N-02421	D
C3N-02422	D
C3N-02423	IE
C3N-02424	IE
C3N-02433	IE
C3N-02529	D
C3N-02572	IE
C3N-02582	D
C3N-02586	D
C3N-02588	D
C3N-02729	IE/F
C3N-02379	D
C3N-02587	D
TCGA-BH-A18U	IE
TCGA-BH-A0C0	D
TCGA-A8-A08Z	IE/F
TCGA-AR-A0TY	IE/F
TCGA-A8-A076	F
TCGA-BH-A0EE	D
TCGA-BH-A0C1	D
TCGA-AR-A1AP	F
TCGA-AR-A1AV	IE
TCGA-BH-A18V	IE
TCGA-AN-A0AM	IE
TCGA-A7-A0CE	D
TCGA-BH-A0DG	D
TCGA-AO-A0JC	IE
TCGA-C8-A12Z	D
TCGA-D8-A13Y	D
TCGA-A2-A0T2	D
TCGA-C8-A12P	D
TCGA-AO-A12F	D
TCGA-C8-A12Q	F
TCGA-AR-A1AW	IE
TCGA-A2-A0T3	D
TCGA-A2-A0EV	F
TCGA-AO-A03O	D
TCGA-AN-A0FL	D
TCGA-A8-A06N	IE
TCGA-AR-A0TV	D
TCGA-E2-A150	IE/F
TCGA-AO-A0JE	D
TCGA-C8-A12W	D
TCGA-A7-A0CJ	D
TCGA-E2-A158	D
TCGA-C8-A12V	D
TCGA-A2-A0T7	F
TCGA-C8-A12U	D
TCGA-E2-A159	D
TCGA-AR-A0TR	D
TCGA-BH-A0DD	IE
TCGA-AO-A12E	IE
TCGA-AR-A1AQ	D
TCGA-A2-A0YG	D
TCGA-AO-A0JL	IE/F
TCGA-A7-A0CD	D
TCGA-BH-A0C7	IE/F
TCGA-A2-A0T6	D
TCGA-AO-A0JM	D
TCGA-A2-A0D2	D
TCGA-A8-A09G	D
TCGA-A2-A0YF	IE/F
TCGA-AR-A0TT	D
TCGA-A2-A0SW	IE
TCGA-A2-A0YM	IE/F
TCGA-C8-A130	D
TCGA-BH-A0BZ	D
TCGA-A2-A0EX	D
TCGA-BH-A0AV	F
TCGA-C8-A12T	IE
TCGA-A2-A0CM	IE
TCGA-A2-A0EQ	IE
TCGA-BH-A0HP	IE/F
TCGA-BH-A0E0	IE
TCGA-AO-A0J6	F
TCGA-BH-A0E1	F
TCGA-A2-A0YC	D
TCGA-AR-A0TX	IE/F
TCGA-AO-A126	IE/F
TCGA-A2-A0EY	D
TCGA-C8-A135	IE/F
TCGA-D8-A142	IE/F
TCGA-AN-A0AS	F
TCGA-AO-A0JJ	D
TCGA-AN-A0AJ	D
TCGA-A2-A0YL	D
TCGA-A8-A079	D
TCGA-A2-A0YD	F
TCGA-BH-A18R	D
TCGA-A2-A0T1	IE/F
TCGA-BH-A18N	D
TCGA-AN-A0AL	IE
TCGA-E2-A15A	D
TCGA-A8-A08G	D
TCGA-AR-A1AS	D
TCGA-C8-A134	D
TCGA-BH-A0E9	IE/F
TCGA-BH-A0BV	IE
TCGA-A2-A0SX	IE/F
TCGA-BH-A18Q	D
TCGA-E2-A154	D
TCGA-C8-A12L	D
TCGA-AN-A04A	D
TCGA-E2-A10A	D
TCGA-BH-A0HK	IE/F
TCGA-C8-A138	D
TCGA-A2-A0D1	D
TCGA-A8-A09I	D
TCGA-A2-A0YI	IE/F
TCGA-AR-A0U4	IE
TCGA-AO-A0J9	IE/F
TCGA-A2-A0D0	IE
TCGA-AN-A0FK	F
TCGA-A8-A06Z	IE
TCGA-A7-A13F	D
TCGA-AO-A12B	D
TCGA-AO-A12D	D
TCGA-C8-A131	D
C16974	IE
C22140	IE/F
C58179	IE
C58056	IE/F
C112422	IE
C431607	D
C50553	IE
C91881	D
C466293	D
C476010	IE/F
C115251	IE
C466170	D
C43542	IE/F
C337143	D
C253872	IE/F
C524349	IE/F
C692613	D
C584373	D
C579945	IE
C801468	IE/F
C48216	D
C21402	D
C50799	D
C907125	F
C907371	D
C916473	D
C907617	IE/F
C230994	IE
C626070	D
C230871	IE
C78966	D
C146124	D
C84747	D
C20418	D
C186837	D
C387450	D
C22263	D
C140466	IE/F
C140097	IE
C626193	IE/F
C374289	F
C607743	D
C625947	IE/F
C623856	D
C155103	D
C60024	IE
C744888	IE/F
C47478	D
C56826	F
C745011	IE/F
C30012	D
C138990	F
C406761	IE
C650178	D
C736401	D
C22509	D
C127182	D
C22878	D
C70602	D
C39483	IE
C720165	D
C46494	F
C580068	D
C41451	IE
C387573	D
C19065	IE
C38991	IE
C53382	IE
C393477	IE
C39729	IE
C88806	D
C39606	D
C584865	IE
C372321	D
C794457	D
C377856	IE
C17466	D
C584496	IE/F
C584742	IE/F
C28659	D
C25461	D
C62730	D
C35670	IE/F
C717336	D
C33825	IE/F
C37638	IE
C71094	IE/F
C699624	IE/F
C831849	D
C15990	D
C187083	D
C18081	D
C182655	D
C85731	D
C58917	D
C86100	IE/F
C25584	IE
C177366	IE/F
C19680	D
C722502	IE/F
C952635	IE
C70848	F
C36900	D
C311436	IE/F
C78597	D
C686955	D
C88314	F
C35916	D
C37392	IE/F
C340710	D
C808110	D
C16605	D
C857433	D
C311067	IE
C88683	IE/F
C310083	D
C116850	IE/F
C440832	D
C27798	D
C270477	D
C34440	D
C15744	F
C77367	IE
C15498	D
C46371	D
C82164	IE
C121524	F
C829512	IE
C841320	IE
C82041	D
C311559	IE/F
C308853	D
C308730	D
C818688	IE/F
C46617	D
C112176	D
C75276	D
C59409	D
C881049	IE/F
C75522	IE
C20541	D
C70971	IE
C114759	IE
C663585	IE
C883632	IE
C883509	IE
C262605	IE/F
C121893	D
C29397	D
C73308	IE
C30258	F
C216603	IE
C29151	D
C21771	IE/F
C96186	IE/F
C15252	D
C136284	D
C102459	IE
C30381	IE
C883755	IE/F
C714384	D
C216111	IE/F
C196554	D
C65559	D
C72570	IE/F
C72324	D
C99753	IE
C28905	D
C23862	D
C68388	D
C71586	IE/F
C949929	D
C186714	D
C66420	D
C98031	IE/F
C68634	D
C96063	IE/F
C20172	IE/F
C95079	IE/F
C121647	IE/F
C136161	IE/F
C140343	D
C140712	D
C146247	D
C25830	D
C270723	D
C271092	IE/F
C35793	D
C36408	IE/F
C374412	D
C38868	F
C47724	IE/F
C53013	IE/F
C59532	D
C62484	IE
C73062	D
C74292	IE/F
C837507	D
C94956	IE/F
HCC_70	IE/F
HCC_351	IE
HCC_23	IE
HCC_71	D
HCC_38	IE/F
HCC_1	IE
HCC_2	IE
HCC_39	D
HCC_72	D
HCC_40	IE
HCC_132	D
HCC_133	F
HCC_134	D
HCC_135	F
HCC_73	D
HCC_41	IE
HCC_74	D
HCC_42	IE/F
HCC_3	IE
HCC_43	IE/F
HCC_75	D
HCC_4	IE
HCC_44	F
HCC_5	IE
HCC_136	D
HCC_137	D
HCC_138	D
HCC_76	D
HCC_77	D
HCC_6	IE
HCC_45	IE
HCC_78	D
HCC_7	IE
HCC_24	IE
HCC_8	IE/F
HCC_118	F
HCC_119	D
HCC_139	D
HCC_120	F
HCC_25	IE
HCC_9	IE/F
HCC_46	IE/F
HCC_47	IE
HCC_10	IE/F
HCC_48	IE
HCC_26	IE
HCC_11	IE
HCC_140	D
HCC_121	F
HCC_154	D
HCC_49	IE
HCC_27	IE
HCC_50	IE
HCC_51	IE/F
HCC_28	F
HCC_153	IE/F
HCC_141	D
HCC_152	D
HCC_142	D
HCC_106	F
HCC_143	D
HCC_107	D
HCC_144	D
HCC_157	IE
HCC_12	IE
HCC_29	D
HCC_30	D
HCC_156	D
HCC_155	D
HCC_108	F
HCC_145	F
HCC_109	F
HCC_146	D
HCC_147	D
HCC_110	D
HCC_159	D
HCC_158	IE
HCC_13	IE
HCC_31	F
HCC_122	D
HCC_148	D
HCC_149	D
HCC_94	IE
HCC_123	F
HCC_111	D
HCC_95	IE
HCC_14	IE/F
HCC_15	IE/F
HCC_150	D
HCC_124	D
HCC_112	D
HCC_151	D
HCC_125	D
HCC_113	D
HCC_160	F
HCC_126	D
HCC_114	D
HCC_127	D
HCC_96	IE
HCC_16	IE/F
HCC_17	IE/F
HCC_128	D
HCC_79	D
HCC_115	D
HCC_97	IE
HCC_129	D
HCC_80	F
HCC_81	D
HCC_130	F
HCC_98	IE
HCC_131	D
HCC_82	D
HCC_83	F
HCC_99	D
HCC_84	D
HCC_52	D
HCC_85	D
HCC_53	D
HCC_535	F
HCC_116	D
HCC_54	IE/F
HCC_86	D
HCC_100	D
HCC_55	F
HCC_101	D
HCC_117	F
HCC_56	F
HCC_102	D
HCC_87	D
HCC_57	D
HCC_58	F
HCC_103	F
HCC_59	D
HCC_32	IE/F
HCC_88	D
HCC_60	F
HCC_33	D
HCC_61	D
HCC_89	IE
HCC_90	IE/F
HCC_62	D
HCC_104	D
HCC_63	D
HCC_91	D
HCC_447	F
HCC_34	D
HCC_92	IE
HCC_64	IE
HCC_35	F
HCC_93	IE
HCC_18	D
HCC_105	D
HCC_213	IE/F
HCC_65	IE/F
HCC_697	F
HCC_19	IE/F
HCC_66	F
HCC_36	IE
HCC_20	IE
HCC_67	IE
HCC_37	IE/F
HCC_21	F
HCC_68	IE
HCC_69	IE/F
HCC_22	D
C3N-02788	IE
C3N-01851	IE
C3L-01045	D
C3L-02642	IE
C3L-03744	IE
C3L-01155	D
C3L-03390	D
C3N-01368	IE
C3N-01798	D
C3N-01515	IE/F
C3L-01146	F
C3L-02542	D
C3N-02186	D
C3N-03186	IE/F
C3L-02705	IE/F
C3N-02181	IE/F
C3N-02783	F
C3L-02970	D
C3N-03182	IE
C3N-00662	D
C3N-02784	IE
C3L-02900	IE
C3L-02707	IE
C3L-03387	D
C3L-01142	F
C3N-01518	D
C3L-00365	D
C3N-01364	F
C3N-02785	IE
C3L-01049	F
C3L-02955	IE/F
C3L-03260	D
C3L-02708	D
C3N-01369	F
C3N-01517	IE/F
C3N-03188	D
C3L-01043	F
C3N-02770	D
C3N-03070	D
C3N-03184	IE
C3N-01852	IE/F
C3L-01061	D
C3N-02188	IE/F
C3N-02255	D
C3L-03266	F
C3N-01814	D
C3N-01334	IE
C3L-01040	IE/F
C3N-00663	IE/F
C3L-01887	D
C3N-02185	D
C3N-02190	IE/F
C3L-03392	IE/F
C3N-00661	IE/F
C3N-01857	D
C3L-02504	IE
C3N-02782	D
C3L-01156	D
C3L-00674	F
C3L-02465	IE
C3L-03407	F
C3N-03183	D
C3L-00104	IE
C3N-01856	D
C3L-03681	D
C3L-03728	D
C3N-01366	IE
C3L-02984	D
C3L-03968	IE
C3L-03400	F
C3N-03088	IE
C3N-01505	D
C3N-01816	D
C3N-01196	D
C3L-01046	F
C3L-01154	D
C3L-03727	IE
C3N-00665	IE/F
C3N-01818	D
C3N-03180	IE/F
C3N-03473	D
C3L-01834	D
C3L-03405	IE/F
C3N-01192	F
C3L-01157	IE
C3N-02769	IE/F
C3N-01367	F
C3N-01815	F
C3N-02256	D
C3N-02183	D
C3N-02786	IE
C3L-02704	D
C3L-04084	IE
C3L-01327	IE
C3L-01048	D
C3L-01149	D
C3L-02041	IE
C3L-03748	F
C3L-00677	D
GAS_64	D
GAS_51	D
GAS_20	IE/F
GAS_65	D
GAS_52	D
GAS_61	D
GAS_59	D
GAS_67	D
GAS_69	D
GAS_68	F
GAS_66	D
GAS_25	D
GAS_1	D
GAS_72	IE
GAS_80	D
GAS_73	IE
GAS_74	IE
GAS_70	D
GAS_77	IE
GAS_71	D
GAS_38	D
GAS_75	IE/F
GAS_56	D
GAS_55	D
GAS_79	D
GAS_15	IE/F
GAS_76	IE
GAS_57	D
GAS_78	IE
GAS_54	D
GAS_10	D
GAS_11	IE
GAS_12	IE
GAS_13	IE
GAS_14	IE
GAS_16	IE
GAS_17	IE/F
GAS_18	IE
GAS_19	IE/F
GAS_2	IE
GAS_21	IE/F
GAS_22	IE/F
GAS_23	IE
GAS_24	IE
GAS_26	IE/F
GAS_27	D
GAS_28	IE/F
GAS_29	IE
GAS_3	IE/F
GAS_30	D
GAS_31	F
GAS_32	F
GAS_33	D
GAS_34	D
GAS_35	D
GAS_36	IE/F
GAS_37	D
GAS_39	IE/F
GAS_4	IE
GAS_40	IE
GAS_41	IE
GAS_42	IE/F
GAS_43	F
GAS_44	IE
GAS_45	IE/F
GAS_46	IE/F
GAS_47	IE/F
GAS_48	D
GAS_49	D
GAS_5	IE
GAS_50	D
GAS_53	D
GAS_58	D
GAS_6	IE
GAS_60	D
GAS_62	D
GAS_63	F
GAS_7	IE
GAS_8	IE
GAS_9	IE
P002	F
P004	F
P005	IE/F
P006	D
P007	F
P009	D
P010	IE/F
P011	F
P012	D
P013	IE
P015	IE
P016	IE
P017	D
P018	F
P019	D
P020	F
P021	D
P022	D
P023	D
P024	D
P025	D
P026	D
P027	IE/F
P028	D
P029	IE
P030	IE
P031	IE
P032	IE
P033	D
P034	IE
P035	F
P036	IE/F
P037	IE
P038	IE/F
P039	IE
P040	IE
P041	D
P042	D
P043	D
P044	IE
P045	F
P046	D
P047	D
P048	F
P049	F
P050	IE/F
P051	IE/F
P052	IE/F
P053	D
P054	F
P055	F
P056	IE
P057	D
P058	IE
P059	IE
P060	IE
P061	IE
P062	IE
P063	IE
P064	IE/F
P066	IE
P067	F
P068	F
P069	D
P070	F
P071	D
P072	D
P073	D
P074	IE/F
P075	D
P076	F
P077	D
P078	D
P079	F
P080	F
P081	D
P082	IE
P083	F
P084	IE/F
P085	D
P086	D
P087	D
P088	D
P089	IE/F
P090	IE/F
P091	IE/F
P092	IE/F
P093	F
P094	IE/F
P095	IE
P096	D
P097	IE
P098	F
P099	IE
P100	IE
P101	IE
P102	IE
P103	IE/F
P104	D
P109	IE
P110	D
P111	IE
P112	IE/F
C3N-01754	IE/F
C3N-03888	IE
C3N-04280	D
C3N-01945	D
C3N-03011	D
C3L-04791	D
C3N-00822	F
C3L-00994	IE/F
C3N-03008	IE/F
C3N-00299	IE
C3N-00297	IE
C3N-03612	D
C3N-01948	IE
C3N-03013	F
C3N-01858	D
C3N-01943	D
C3N-02695	IE
C3N-04152	D
C3L-00999	IE/F
C3N-03664	D
C3L-01237	D
C3N-01755	IE
C3N-00857	D
C3N-02925	IE
C3N-03042	F
C3N-03490	D
C3N-03849	D
C3N-02279	F
C3N-04276	D
C3N-02694	IE/F
C3N-02713	D
C3N-00846	IE/F
C3N-03488	D
C3N-03782	D
C3N-03028	IE
C3N-03878	F
C3N-03487	D
C3L-04844	D
C3N-01859	IE
C3N-03619	D
C3N-02275	D
C3N-03837	D
C3N-01338	D
C3N-00307	IE/F
C3N-02716	IE/F
C3N-01339	D
C3N-02333	IE
C3N-03889	F
C3N-03785	D
C3N-01337	D
C3L-02651	IE
C3N-03226	D
C3N-03015	D
C3N-01340	IE/F
C3N-04279	D
C3L-04354	D
C3L-04849	D
C3L-03378	IE
C3L-02621	D
C3N-00825	IE/F
C3N-03433	D
C3N-01752	D
C3N-03045	D
C3N-03783	F
C3N-02730	IE/F
C3N-04275	IE
C3N-01757	D
C3N-01645	D
C3N-00519	IE
C3N-00498	IE
C3N-00828	IE
C3L-04025	IE/F
C3N-03620	IE
C3N-02700	D
C3N-03012	D
C3N-02714	IE
C3N-01946	D
C3N-03876	D
C3N-03458	D
C3N-03456	D
C3N-00204	D
C3L-00995	IE/F
C3N-03841	D
C3N-00306	IE
C3L-00977	D
C3N-00295	IE
C3N-01758	D
C3N-00829	F
C3L-00997	D
C3N-01756	D
C3N-04278	D
C3N-01944	IE/F
C3N-04611	F
C3N-02727	IE/F
C3N-03027	D
C3L-00987	D
C3N-01947	D
C3N-00871	D
C3N-03457	F
C3N-03009	D
C3N-04277	F
C3N-03933	IE
C3N-04273	D
C3N-03928	IE
C3N-01620	F
C3L-01138	D
C3N-03781	F
C3L-02617	D
C3L-02170	F
C3L-02891	IE/F
C3N-03877	D
C3L-00904	IE
C3N-03886	D
C3N-01025	D
C3L-00445	D
C3L-02552	IE/F
C3N-02435	D
C3L-01606	IE/F
C3N-03851	D
C3L-01455	IE/F
C3N-03051	IE/F
C3L-03961	IE
C3N-04162	IE
C3N-02523	D
C3N-00211	F
C3L-02648	IE/F
C3N-02425	D
C3N-01846	F
C3L-02968	D
C3L-02349	IE
C3L-00568	IE
C3L-02646	D
C3L-04014	IE/F
C3L-02665	D
C3N-02285	F
C3L-02951	IE/F
C3L-02963	F
C3N-02374	IE
C3N-03424	F
C3L-01663	F
C3L-02168	D
C3L-00415	D
C3N-02339	IE/F
C3N-00221	D
C3L-04391	F
C3N-00555	D
C3N-02289	F
C3N-01411	D
C3N-00497	IE
C3L-00965	D
C3N-01194	IE
C3L-00923	IE
C3N-00247	IE
C3N-03662	D
C3N-02375	IE
C3N-04155	IE
C3N-02252	D
C3L-01838	F
C3N-03092	IE
C3N-02284	D
C3L-03962	D
C3L-02969	D
C3L-00927	IE
C3N-01028	IE/F
C3N-01892	F
C3L-02163	D
C3N-03875	D
C3N-02426	F
C3L-02127	IE
C3N-04127	IE/F
C3N-01893	D
C3N-02300	IE/F
C3L-04071	IE/F
C3L-03963	D
C3N-03072	D
C3N-01017	D
C3L-02625	IE
C3N-01020	F
C3N-02283	D
C3L-03678	IE
C3L-01000	D
C3N-03486	IE
C3L-02964	F
C3L-02164	IE/F
C3L-02130	D
C3N-02288	IE/F
C3L-03272	D
C3L-02619	F
C3L-00081	D
C3N-03848	F
C3L-02660	IE/F
C3N-03204	D
C3L-01884	IE
C3N-02675	F
C3L-02546	D
C3N-02434	IE
C3L-02669	F
C3L-02650	F
C3L-02649	D
C3L-02629	IE/F
C3N-03441	IE/F
C3L-03965	D
C3N-03076	IE/F
C3L-04013	D
C3L-00603	IE
C3L-01285	D
C3N-03882	D
C3L-02627	D
C3L-00993	D
C3N-03093	D
C3N-03880	IE
C3N-03425	D
C3N-02575	D
C3L-02358	D
C3N-02494	IE
C3N-04124	IE/F
PDAC221	D
PDAC020	IE
PDAC132	D
PDAC154	IE/F
PDAC074	IE
PDAC023	F
PDAC213	IE
PDAC106	D
PDAC267	IE/F
PDAC016	D
PDAC193	IE/F
PDAC254	IE
PDAC272	D
PDAC019	IE/F
PDAC247	F
PDAC276	IE
PDAC018	F
PDAC232	F
PDAC064	D
PDAC031	IE/F
PDAC281	IE
PDAC160	IE
PDAC151	D
PDAC228	IE/F
PDAC022	IE
PDAC239	IE
PDAC170	IE
PDAC025	D
PDAC257	D
PDAC098	D
PDAC186	D
PDAC240	D
PDAC269	IE
PDAC274	IE
PDAC110	IE/F
PDAC058	D
PDAC116	IE/F
PDAC137	D
PDAC083	F
PDAC112	IE/F
PDAC010	IE/F
PDAC080	D
PDAC136	IE
PDAC102	D
PDAC107	IE/F
PDAC256	IE
PDAC015	IE/F
PDAC260	D
PDAC078	D
PDAC082	F
PDAC265	IE/F
PDAC198	IE
PDAC209	D
PDAC196	IE/F
PDAC051	D
PDAC073	D
PDAC087	D
PDAC229	IE/F
PDAC169	IE/F
PDAC167	D
PDAC006	IE/F
PDAC168	IE/F
PDAC044	D
PDAC233	D
PDAC097	D
PDAC234	D
PDAC055	IE/F
PDAC041	D
PDAC263	IE
PDAC180	IE
PDAC185	IE
PDAC179	IE/F
PDAC251	IE
PDAC278	IE/F
PDAC067	D
PDAC130	D
PDAC024	D
PDAC061	F
PDAC258	IE
PDAC192	D
PDAC283	IE
PDAC007	D
PDAC156	IE
PDAC114	IE/F
PDAC266	D
PDAC277	D
PDAC134	IE
PDAC012	D
PDAC138	IE
PDAC139	F
PDAC279	IE
PDAC050	D
PDAC057	IE/F
PDAC183	IE
PDAC268	D
PDAC029	D
PDAC255	IE
PDAC174	D
PDAC096	IE
PDAC013	IE/F
PDAC129	F
PDAC249	D
PDAC021	IE
PDAC075	D
PDAC063	D
PDAC117	D
PDAC126	IE
PDAC252	IE
PDAC042	D
PDAC271	D
PDAC076	D
PDAC241	IE/F
PDAC211	F
PDAC043	D
PDAC030	F
PDAC158	D
PDAC056	D
PDAC223	IE
PDAC037	IE
PDAC048	D
PDAC226	IE
PDAC011	D
PDAC173	D
PDAC101	F
PDAC195	D
PDAC250	IE/F
PDAC245	D
PDAC264	IE
PDAC189	D
PDAC135	IE
PDAC199	D
PDAC236	D
PDAC273	IE
PDAC205	D
PDAC047	D
PDAC093	IE/F
PDAC005	D
PDAC085	IE
PDAC280	IE
PDAC144	D
PDAC178	D
PDAC270	F
PDAC049	IE/F
PDAC253	D
PDAC152	F
PDAC262	IE/F
PDAC113	D
PDAC045	IE/F
PDAC124	IE/F
PDAC159	D
C3N-03173	IE
C3N-01011	D
C3N-03007	D
C3N-01166	IE/F
C3N-03069	F
C3L-03635	D
C3N-01719	F
C3L-00189	F
C3L-02112	D
C3L-03630	IE
C3N-03439	IE
C3L-00401	D
C3N-01716	IE
C3L-03628	IE
C3N-03430	IE/F
C3N-01380	IE
C3N-02998	D
C3L-00017	D
C3L-00622	F
C3N-02944	D
C3N-01714	IE
C3N-01715	D
C3L-00928	D
C3L-01054	IE
C3N-03840	D
C3N-00512	IE/F
C3L-02109	IE
C3N-00198	IE
C3L-04848	IE
C3N-02010	D
C3N-04283	F
C3N-02573	D
C3L-01689	IE
C3N-02971	IE/F
C3N-03428	D
C3N-01168	IE
C3N-00709	D
C3N-01383	D
C3L-01051	D
C3L-01124	D
C3N-03665	D
C3N-03061	F
C3N-03780	IE
C3L-01053	D
C3N-01388	IE/F
C3L-02701	D
C3N-00249	IE
C3L-01687	IE
C3L-04495	IE
C3N-00514	D
C3N-00511	D
C3L-00599	IE
C3L-01637	IE
C3N-01167	D
C3L-02118	D
C3L-00598	D
C3N-03670	F
C3N-03039	D
C3L-04475	IE
C3N-00303	IE/F
C3N-00513	IE
C3N-03853	IE/F
C3N-02295	D
KoreanReference3	D
C3N-00436	IE
WU-pooled sample	IE
KoreanReference2	D
C3L-03388	IE
C3L-03639	D
C3N-04126	IE
C3N-00957	D
C3N-03839	D
C3L-04027	D
C3L-00640	D
C3N-01012	D
C3N-03666	IE/F
C3N-01165	F
C3N-03006	D
C3L-00819	D
C3L-01037	D
C3N-04284	D
C3L-03356	IE
C3N-03086	D
C3N-00517	D
C3L-01328	D
C3N-02585	D
C3N-04282	D
C3L-04473	IE
C3L-01598	IE/F
C3L-00589	IE
C3L-01453	IE/F
C3L-02613	D
KoreanReference1	IE
C3L-00881	IE
C3L-04853	D
C3L-00277	IE/F
C3N-03426	IE
C3L-02604	D
C3N-01502	F
C3L-02610	IE
C3L-03632	D
C3N-02579	IE
C3N-03440	D
C3N-01382	D
C3L-04080	D
C3L-01971	IE
C3N-02768	IE
C3L-02116	D
C3N-00302	D
C3N-00516	IE
C3L-01036	IE
C3N-03884	IE
C3L-00625	F
C3L-03743	D
C3L-02606	IE
C3N-03211	D
C3L-01662	D
C3N-02940	D
WU-PDA1	IE/F
C3L-01031	D
C3N-02589	IE
C3N-01381	D
C3N-02592	D
C3L-00102	D
C3L-02899	F
C3L-04072	D
C3N-03000	F
C3L-02897	IE
C3L-02809	IE
C3N-01998	IE
C3L-02463	D
C3N-04119	D
C3L-03394	IE
C3L-01052	D
C3N-03190	D
C3L-03123	IE
C3L-03395	IE/F
C3N-03754	IE
C3L-04479	IE
C3N-01375	D
C3L-01703	D
C3N-00518	F
AP-DM87	D
AP-UG7J	D
AP-52RG	IE/F
AP-4M7L	IE/F
AP-U8MP	IE
AP-V6UJ	IE
AP-JBET	IE/F
AP-E7CU	D
AP-9D3B	IE/F
AP-9UHJ	IE
AP-DMUM	D
AP-QUHC	IE
AP-7GDN	D
AP-AAFC	IE
AP-XSR5	D
AP-MGNN	D
AP-WDKZ	IE/F
AP-7KJ6	IE/F
AP-B2SL	IE
AP-F595	D
AP-RA2G	IE
AP-AJWE	D
AP-QAHT	IE/F
AP-MJ52	D
AP-3336	F
AP-A5NG	D
AP-94ED	D
AP-D9X4	IE
AP-QD4Q	D
AP-K24D	F
AP-E98M	IE/F
AP-ZLDH	D
AP-5L2V	D
AP-KX5B	F
AP-EZEX	D
AP-JK59	IE
AP-NMZS	IE/F
AP-B9CH	IE
AP-RBLG	D
AP-CT3G	IE
AP-2XNK	D
AP-DT88	D
AP-4LRG	D
AP-W455	IE/F
AP-EFHT	F
AP-9PXS	D
AP-JDN4	F
AP-3FY5	D
AP-YTZ8	IE/F
AP-SS2L	D
AP-67ZV	F
AP-FX68	IE
AP-SJVE	IE/F
AP-62LT	IE/F
AP-WTXJ	D
AP-MAZ4	D
AP-TBFQ	D
AP-N8FG	D
AP-352Q	D
AP-XCJX	IE/F
AP-G79N	IE
AP-RQNH	D
AP-8MWD	D
AP-8PRJ	F
AP-HKYN	IE
AP-HML4	IE/F
AP-4HAU	D
AP-6EWG	F
AP-27JZ	D
AP-WPAM	D
AP-DN2V	F
AP-KXUT	IE
AP-LWHD	D
AP-YF3B	D
AP-EPNF	D
AP-9LNA	F
AP-HMFR	D
AP-D35H	D
AP-2E8Q	D
AP-VLXG	D
AP-JKPX	D
AP-HFEA	F
AP-AGZG	D
AP-5JDU	D
AP-XVLY	F
AP-KGMR	F
AP-5MX6	D
4197	IE/F
2706	D
1644	D
2213	IE
1375	D
5065	F
2442	D
1341	F
1027	IE/F
1224	D
4256	D
1184	IE/F
4442	D
1670	F
4511	IE/F
4849	D
4603	F
1153	IE/F
4627	D
958	D
4898	D
2475	D
4631	F
4951	IE/F
1370	D
724	IE/F
4231	IE
1072	IE/F
2453	F
2455	D
996	F
1054	D
4472	D
2694	D
2697	D
2785	F
1435	D
4001	IE/F
4207	D
2339	F
4366	IE/F
623	D
1353	D
2225	IE/F
4624	IE/F
703	IE/F
754	D
2300	IE/F
2480	F
4664	F
2515	F
1554	D
4325	IE/F
1007	D
4390	D
2001	IE/F
939	D
4513	F
4678	F
3990	F
1810	F
1049	D
4468	IE/F
4961	IE/F
4248	F
2477	IE/F
1553	D
4718	IE/F
5111	D
4763	F
4573	F
4317	D
4475	IE
2460	D
4896	D
4989	D
4482	IE/F
2490	D
4943	F
1648	F
1929	D
2337	D
4592	D
4039	D
1078	IE/F
4659	D
624	D
2364	D
4567	D
4712	IE/F
1461	D
1752	IE/F
1051	D
4232	F
2254	IE/F
1445	D
4336	IE/F
4666	D
994	D
4240	IE/F
2704	D
2308	D
2059	F
2214	F
4042	D
4201	IE/F
524	D
2607	D
1519	D
1451	D
4195	D
2695	D
127	D
4307	IE/F
967	D
576	IE/F
1981	IE/F
4685	D
2204	D
1865	F
2360	F
4235	IE/F
4230	D
1118	IE/F
4274	F
1246	IE/F
4709	IE/F
2116	D
4703	D
794	IE/F
2630	IE/F
571	F
4006	D
2606	F
2314	D
579	F
4275	IE/F
2073	IE/F
4029	IE/F
4395	IE/F
718	D
4464	D
538	IE/F
2594	D
5109	IE/F
1533	D
2367	IE/F
4252	F
1357	D
5007	D
4260	D
4894	F
4641	D
4057	D
2705	D
819	IE/F
5061	F
1973	F
2501	F
1924	F
1696	F
4701	D
2687	D
1481	D
4324	D
707	D
4722	F
4030	D
900	IE/F
1749	IE/F
513	F
4548	IE/F
2699	IE/F
602	F
2713	D
4785	D
652	D
4514	IE
976	D
559	IE/F
4470	D
706	D
4458	D
4291	IE/F
1989	D
2611	IE/F
