,sample,Transcriptome,Proteome
1,01BR001,PDC000120,PDC000120
2,01BR008,PDC000120,PDC000120
3,01BR009,PDC000120,PDC000120
4,01BR010,PDC000120,PDC000120
5,01BR015,PDC000120,PDC000120
6,01BR017,PDC000120,PDC000120
7,01BR018,PDC000120,PDC000120
8,01BR020,PDC000120,PDC000120
9,01BR023,PDC000120,PDC000120
10,01BR025,PDC000120,PDC000120
11,01BR026,PDC000120,PDC000120
12,01BR027,PDC000120,PDC000120
13,01BR030,PDC000120,PDC000120
14,01BR031,PDC000120,PDC000120
15,01BR032,PDC000120,PDC000120
16,01BR033,PDC000120,PDC000120
17,01BR040,PDC000120,PDC000120
18,01BR042,PDC000120,PDC000120
19,01BR043,PDC000120,PDC000120
20,01BR044,PDC000120,PDC000120
21,01CO005,PDC000116,PDC000116
22,01CO006,PDC000116,PDC000116
23,01CO008,PDC000116,PDC000116
24,01CO013,PDC000116,PDC000116
25,01CO014,PDC000116,PDC000116
26,01CO015,PDC000116,PDC000116
27,01CO019,PDC000116,PDC000116
28,01CO022,PDC000116,PDC000116
29,01OV007,PDC000118,PDC000118
30,01OV017,PDC000118,PDC000118
31,01OV018,PDC000118,PDC000118
32,01OV023,PDC000118,PDC000118
33,01OV026,PDC000118,PDC000118
34,01OV029,NA,PDC000118
35,01OV030,PDC000118,PDC000118
36,01OV039,PDC000118,PDC000118
37,01OV041,PDC000118,PDC000118
38,01OV047,PDC000118,PDC000118
39,02OV005,PDC000118,PDC000118
40,02OV006,PDC000118,PDC000118
41,02OV008,PDC000118,PDC000118
42,02OV015,PDC000118,PDC000118
43,02OV022,PDC000118,PDC000118
44,02OV023,PDC000118,PDC000118
45,02OV029,PDC000118,PDC000118
46,02OV032,PDC000118,PDC000118
47,02OV036,PDC000118,PDC000118
48,02OV041,PDC000118,PDC000118
49,02OV044,PDC000118,PDC000118
50,02OV046,PDC000118,PDC000118
51,03BR002,PDC000120,PDC000120
52,03BR004,PDC000120,PDC000120
53,03BR005,PDC000120,PDC000120
54,03BR006,PDC000120,PDC000120
55,03BR010,PDC000120,PDC000120
56,03BR011,NA,PDC000120
57,03BR013,PDC000120,PDC000120
58,04OV001,PDC000118,PDC000118
59,04OV004,PDC000118,PDC000118
60,04OV005,PDC000118,PDC000118
61,04OV008,PDC000118,PDC000118
62,04OV011,PDC000118,PDC000118
63,04OV012,PDC000118,PDC000118
64,04OV013,PDC000118,PDC000118
65,04OV017,PDC000118,PDC000118
66,04OV018,PDC000118,PDC000118
67,04OV021,PDC000118,PDC000118
68,04OV023,PDC000118,PDC000118
69,04OV024,PDC000118,PDC000118
70,04OV027,PDC000118,PDC000118
71,04OV028,PDC000118,PDC000118
72,04OV031,PDC000118,PDC000118
73,04OV033,PDC000118,PDC000118
74,04OV036,PDC000118,PDC000118
75,04OV037,PDC000118,PDC000118
76,04OV039,PDC000118,PDC000118
77,04OV040,PDC000118,PDC000118
78,04OV044,PDC000118,PDC000118
79,04OV045,PDC000118,PDC000118
80,04OV048,PDC000118,PDC000118
81,04OV049,PDC000118,PDC000118
82,04OV050,PDC000118,PDC000118
83,04OV051,PDC000118,PDC000118
84,04OV053,PDC000118,PDC000118
85,04OV054,PDC000118,PDC000118
86,04OV055,PDC000118,PDC000118
87,04OV057,PDC000118,PDC000118
88,04OV058,PDC000118,PDC000118
89,04OV063,PDC000118,PDC000118
90,05BR001,PDC000120,PDC000120
91,05BR003,PDC000120,PDC000120
92,05BR004,PDC000120,PDC000120
93,05BR005,PDC000120,PDC000120
94,05BR009,PDC000120,PDC000120
95,05BR016,PDC000120,PDC000120
96,05BR026,PDC000120,PDC000120
97,05BR029,PDC000120,PDC000120
98,05BR038,PDC000120,PDC000120
99,05BR042,PDC000120,PDC000120
100,05BR043,PDC000120,PDC000120
101,05BR044,PDC000120,PDC000120
102,05BR045,PDC000120,PDC000120
103,05CO002,PDC000116,PDC000116
104,05CO003,PDC000116,PDC000116
105,05CO006,PDC000116,PDC000116
106,05CO011,PDC000116,PDC000116
107,05CO015,PDC000116,PDC000116
108,05CO020,PDC000116,PDC000116
109,05CO026,PDC000116,PDC000116
110,05CO028,PDC000116,PDC000116
111,05CO029,PDC000116,PDC000116
112,05CO032,PDC000116,PDC000116
113,05CO033,PDC000116,PDC000116
114,05CO034,PDC000116,PDC000116
115,05CO035,PDC000116,PDC000116
116,05CO037,PDC000116,PDC000116
117,05CO039,PDC000116,PDC000116
118,05CO041,PDC000116,PDC000116
119,05CO044,PDC000116,PDC000116
120,05CO045,PDC000116,PDC000116
121,05CO047,PDC000116,PDC000116
122,05CO048,PDC000116,PDC000116
123,05CO049,PDC000116,PDC000116
124,05CO050,PDC000116,PDC000116
125,05CO053,PDC000116,PDC000116
126,05CO054,PDC000116,PDC000116
127,06BR003,PDC000120,PDC000120
128,06BR005,PDC000120,PDC000120
129,06BR006,PDC000120,PDC000120
130,06BR014,PDC000120,PDC000120
131,06CO001,PDC000116,PDC000116
132,06CO002,PDC000116,PDC000116
133,09BR001,PDC000120,PDC000120
134,09BR004,PDC000120,PDC000120
135,09BR005,PDC000120,PDC000120
136,09BR007,PDC000120,PDC000120
137,09CO005,PDC000116,PDC000116
138,09CO006,PDC000116,PDC000116
139,09CO008,PDC000116,PDC000116
140,09CO011,PDC000116,PDC000116
141,09CO013,PDC000116,PDC000116
142,09CO014,PDC000116,PDC000116
143,09CO015,PDC000116,PDC000116
144,09CO018,PDC000116,PDC000116
145,09CO019,PDC000116,PDC000116
146,09CO022,PDC000116,PDC000116
147,11BR003,PDC000120,PDC000120
148,11BR004,PDC000120,PDC000120
149,11BR006,PDC000120,PDC000120
150,11BR009,PDC000120,PDC000120
151,11BR010,PDC000120,PDC000120
152,11BR011,PDC000120,PDC000120
153,11BR012,PDC000120,PDC000120
154,11BR013,PDC000120,PDC000120
155,11BR014,PDC000120,PDC000120
156,11BR015,PDC000120,PDC000120
157,11BR016,PDC000120,PDC000120
158,11BR017,PDC000120,PDC000120
159,11BR018,PDC000120,PDC000120
160,11BR019,PDC000120,PDC000120
161,11BR020,PDC000120,PDC000120
162,11BR022,PDC000120,PDC000120
163,11BR023,PDC000120,PDC000120
164,11BR024,PDC000120,PDC000120
165,11BR025,PDC000120,PDC000120
166,11BR027,PDC000120,PDC000120
167,11BR028,PDC000120,PDC000120
168,11BR030,PDC000120,PDC000120
169,11BR031,PDC000120,PDC000120
170,11BR032,PDC000120,PDC000120
171,11BR036,PDC000120,PDC000120
172,11BR038,PDC000120,PDC000120
173,11BR040,PDC000120,PDC000120
174,11BR042,PDC000120,PDC000120
175,11BR043,PDC000120,PDC000120
176,11BR044,PDC000120,PDC000120
177,11BR047,PDC000120,PDC000120
178,11BR049,PDC000120,PDC000120
179,11BR050,PDC000120,PDC000120
180,11BR051,PDC000120,PDC000120
181,11BR053,PDC000120,PDC000120
182,11BR054,PDC000120,PDC000120
183,11BR055,PDC000120,PDC000120
184,11BR056,PDC000120,PDC000120
185,11BR057,NA,PDC000120
186,11BR058,PDC000120,PDC000120
187,11BR059,PDC000120,PDC000120
188,11BR060,PDC000120,PDC000120
189,11BR072,PDC000120,PDC000120
190,11BR073,PDC000120,PDC000120
191,11BR074,PDC000120,PDC000120
192,11BR075,PDC000120,PDC000120
193,11BR076,NA,PDC000120
194,11BR078,NA,PDC000120
195,11BR080,PDC000120,PDC000120
196,11CO005,PDC000116,PDC000116
197,11CO007,PDC000116,PDC000116
198,11CO008,PDC000116,PDC000116
199,11CO010,PDC000116,PDC000116
200,11CO018,PDC000116,PDC000116
201,11CO019,PDC000116,PDC000116
202,11CO020,PDC000116,PDC000116
203,11CO021,PDC000116,PDC000116
204,11CO022,PDC000116,PDC000116
205,11CO027,PDC000116,PDC000116
206,11CO030,PDC000116,PDC000116
207,11CO031,PDC000116,PDC000116
208,11CO032,PDC000116,PDC000116
209,11CO033,PDC000116,PDC000116
210,11CO036,PDC000116,PDC000116
211,11CO037,PDC000116,PDC000116
212,11CO039,PDC000116,PDC000116
213,11CO042,PDC000116,PDC000116
214,11CO043,PDC000116,PDC000116
215,11CO044,PDC000116,PDC000116
216,11CO045,PDC000116,PDC000116
217,11CO047,PDC000116,PDC000116
218,11CO048,PDC000116,PDC000116
219,11CO051,PDC000116,PDC000116
220,11CO052,PDC000116,PDC000116
221,11CO053,PDC000116,PDC000116
222,11CO054,PDC000116,PDC000116
223,11CO057,PDC000116,PDC000116
224,11CO058,PDC000116,PDC000116
225,11CO061,PDC000116,PDC000116
226,11CO062,PDC000116,PDC000116
227,11CO070,PDC000116,PDC000116
228,11CO072,PDC000116,PDC000116
229,11CO077,PDC000116,PDC000116
230,11CO079,PDC000116,PDC000116
231,11LU013,PDC000153,PDC000153
232,11LU016,PDC000153,PDC000153
233,11LU022,PDC000153,PDC000153
234,11LU035,PDC000153,PDC000153
235,11OV002,PDC000118,PDC000118
236,13BR009,PDC000120,PDC000120
237,13OV003,PDC000118,PDC000118
238,14BR005,PDC000120,PDC000120
239,14BR008,PDC000120,PDC000120
240,14BR014,PDC000120,PDC000120
241,14CO003,PDC000116,PDC000116
242,14CO005,PDC000116,PDC000116
243,14OV011,PDC000118,PDC000118
244,15BR003,PDC000120,PDC000120
245,15CO001,PDC000116,PDC000116
246,15CO002,PDC000116,PDC000116
247,15OV001,PDC000118,PDC000118
248,16BR012,PDC000120,PDC000120
249,16CO002,PDC000116,PDC000116
250,16CO003,PDC000116,PDC000116
251,16CO006,PDC000116,PDC000116
252,16CO011,PDC000116,PDC000116
253,17OV001,PDC000118,PDC000118
254,17OV002,PDC000118,PDC000118
255,17OV010,PDC000118,PDC000118
256,17OV011,PDC000118,PDC000118
257,17OV013,PDC000118,PDC000118
258,17OV014,PDC000118,PDC000118
259,17OV015,PDC000118,PDC000118
260,17OV017,PDC000118,PDC000118
261,17OV018,PDC000118,PDC000118
262,17OV025,PDC000118,PDC000118
263,17OV027,PDC000118,PDC000118
264,17OV028,PDC000118,PDC000118
265,17OV029,PDC000118,PDC000118
266,17OV030,PDC000118,PDC000118
267,17OV033,PDC000118,PDC000118
268,17OV036,PDC000118,PDC000118
269,17OV039,PDC000118,PDC000118
270,17OV040,PDC000118,PDC000118
271,18BR002,PDC000120,PDC000120
272,18BR003,PDC000120,PDC000120
273,18BR004,PDC000120,PDC000120
274,18BR006,PDC000120,PDC000120
275,18BR007,PDC000120,PDC000120
276,18BR009,PDC000120,PDC000120
277,18BR010,PDC000120,PDC000120
278,18BR016,PDC000120,PDC000120
279,18BR017,PDC000120,PDC000120
280,18BR019,PDC000120,PDC000120
281,18OV001,PDC000118,PDC000118
282,20BR001,PDC000120,PDC000120
283,20BR002,PDC000120,PDC000120
284,20BR005,PDC000120,PDC000120
285,20BR006,PDC000120,PDC000120
286,20BR007,PDC000120,PDC000120
287,20BR008,PDC000120,PDC000120
288,20CO001,PDC000116,PDC000116
289,20CO003,PDC000116,PDC000116
290,20CO004,PDC000116,PDC000116
291,20CO006,NA,PDC000116
292,20CO007,PDC000116,PDC000116
293,20OV005,PDC000118,PDC000118
294,21BR001,PDC000120,PDC000120
295,21BR002,PDC000120,PDC000120
296,21BR010,PDC000120,PDC000120
297,21CO006,PDC000116,PDC000116
298,21CO007,PDC000116,PDC000116
299,22BR005,PDC000120,PDC000120
300,22BR006,PDC000120,PDC000120
301,22CO004,PDC000116,PDC000116
302,22CO006,PDC000116,PDC000116
303,26OV002,PDC000118,PDC000118
304,26OV008,PDC000118,PDC000118
305,26OV009,PDC000118,PDC000118
306,26OV011,PDC000118,PDC000118
307,26OV013,PDC000118,PDC000118
308,27CO004,PDC000116,PDC000116
309,604,PDC000120,PDC000120
310,AP-27JZ,PDC000434,PDC000434
311,AP-2E8Q,PDC000434,PDC000434
312,AP-2XNK,PDC000434,PDC000434
313,AP-3336,PDC000434,PDC000434
314,AP-352Q,PDC000434,PDC000434
315,AP-3FY5,PDC000434,PDC000434
316,AP-4HAU,PDC000434,PDC000434
317,AP-4LRG,PDC000434,PDC000434
318,AP-4M7L,PDC000434,PDC000434
319,AP-52RG,PDC000434,PDC000434
320,AP-5JDU,PDC000434,PDC000434
321,AP-5L2V,PDC000434,PDC000434
322,AP-5MX6,PDC000434,PDC000434
323,AP-62LT,PDC000434,PDC000434
324,AP-67ZV,PDC000434,PDC000434
325,AP-6EWG,PDC000434,PDC000434
326,AP-7GDN,PDC000434,PDC000434
327,AP-7KJ6,PDC000434,PDC000434
328,AP-8MWD,PDC000434,PDC000434
329,AP-8PRJ,PDC000434,PDC000434
330,AP-94ED,PDC000434,PDC000434
331,AP-9D3B,PDC000434,PDC000434
332,AP-9LNA,PDC000434,PDC000434
333,AP-9PXS,PDC000434,PDC000434
334,AP-9UHJ,PDC000434,PDC000434
335,AP-A5NG,PDC000434,PDC000434
336,AP-AAFC,PDC000434,PDC000434
337,AP-AGZG,PDC000434,PDC000434
338,AP-AJWE,PDC000434,PDC000434
339,AP-B2SL,PDC000434,PDC000434
340,AP-B9CH,PDC000434,PDC000434
341,AP-CT3G,PDC000434,PDC000434
342,AP-D35H,PDC000434,PDC000434
343,AP-D9X4,PDC000434,PDC000434
344,AP-DM87,PDC000434,PDC000434
345,AP-DMUM,PDC000434,PDC000434
346,AP-DN2V,PDC000434,PDC000434
347,AP-DT88,PDC000434,PDC000434
348,AP-E7CU,PDC000434,PDC000434
349,AP-E98M,PDC000434,PDC000434
350,AP-EFHT,PDC000434,PDC000434
351,AP-EPNF,PDC000434,PDC000434
352,AP-EZEX,PDC000434,PDC000434
353,AP-F595,PDC000434,PDC000434
354,AP-FX68,PDC000434,PDC000434
355,AP-G79N,PDC000434,PDC000434
356,AP-HFEA,PDC000434,PDC000434
357,AP-HKYN,PDC000434,PDC000434
358,AP-HMFR,PDC000434,PDC000434
359,AP-HML4,PDC000434,PDC000434
360,AP-JBET,PDC000434,PDC000434
361,AP-JDN4,PDC000434,PDC000434
362,AP-JK59,PDC000434,PDC000434
363,AP-JKPX,PDC000434,PDC000434
364,AP-K24D,PDC000434,PDC000434
365,AP-KGMR,PDC000434,PDC000434
366,AP-KX5B,PDC000434,PDC000434
367,AP-KXUT,PDC000434,PDC000434
368,AP-LWHD,PDC000434,PDC000434
369,AP-MAZ4,PDC000434,PDC000434
370,AP-MGNN,PDC000434,PDC000434
371,AP-MJ52,PDC000434,PDC000434
372,AP-N8FG,PDC000434,PDC000434
373,AP-NMZS,PDC000434,PDC000434
374,AP-QAHT,PDC000434,PDC000434
375,AP-QD4Q,PDC000434,PDC000434
376,AP-QUHC,PDC000434,PDC000434
377,AP-RA2G,PDC000434,PDC000434
378,AP-RBLG,PDC000434,PDC000434
379,AP-RQNH,PDC000434,PDC000434
380,AP-SJVE,PDC000434,PDC000434
381,AP-SS2L,PDC000434,PDC000434
382,AP-TBFQ,PDC000434,PDC000434
383,AP-U8MP,PDC000434,PDC000434
384,AP-UG7J,PDC000434,PDC000434
385,AP-V6UJ,PDC000434,PDC000434
386,AP-VLXG,PDC000434,PDC000434
387,AP-W455,PDC000434,PDC000434
388,AP-WDKZ,PDC000434,PDC000434
389,AP-WPAM,PDC000434,PDC000434
390,AP-WTXJ,PDC000434,PDC000434
391,AP-XCJX,PDC000434,PDC000434
392,AP-XSR5,PDC000434,PDC000434
393,AP-XVLY,PDC000434,PDC000434
394,AP-YF3B,PDC000434,PDC000434
395,AP-YTZ8,PDC000434,PDC000434
396,AP-ZLDH,PDC000434,PDC000434
397,C102459,PDC000180,PDC000180
398,C112176,PDC000180,PDC000180
399,C112422,PDC000180,PDC000180
400,C114759,PDC000180,PDC000180
401,C115251,PDC000180,PDC000180
402,C116850,PDC000180,PDC000180
403,C121524,PDC000180,PDC000180
404,C121647,PDC000180,PDC000180
405,C121893,PDC000180,PDC000180
406,C1230738,PDC000446,PDC000446
407,C1245129,PDC000446,PDC000446
408,C127182,PDC000180,PDC000180
409,C136161,PDC000180,PDC000180
410,C136284,PDC000180,PDC000180
411,C138990,PDC000180,PDC000180
412,C140097,NA,PDC000180
413,C140343,PDC000180,PDC000180
414,C140466,PDC000180,PDC000180
415,C140712,PDC000180,PDC000180
416,C146124,PDC000180,PDC000180
417,C146247,PDC000180,PDC000180
418,C15252,PDC000180,PDC000180
419,C15498,PDC000180,PDC000180
420,C155103,PDC000180,PDC000180
421,C15744,PDC000180,PDC000180
422,C15990,NA,PDC000180
423,C16605,PDC000180,PDC000180
424,C16974,PDC000180,PDC000180
425,C17466,PDC000180,PDC000180
426,C177366,PDC000180,PDC000180
427,C18081,NA,PDC000180
428,C182655,PDC000180,PDC000180
429,C186714,PDC000180,PDC000180
430,C186837,PDC000180,PDC000180
431,C187083,PDC000180,PDC000180
432,C19065,PDC000180,PDC000180
433,C196554,PDC000180,PDC000180
434,C19680,PDC000180,PDC000180
435,C20172,PDC000180,PDC000180
436,C204057,PDC000446,PDC000446
437,C20418,PDC000180,PDC000180
438,C20541,NA,PDC000180
439,C207624,PDC000446,PDC000446
440,C208854,PDC000446,PDC000446
441,C21402,PDC000180,PDC000180
442,C216111,PDC000180,PDC000180
443,C216603,PDC000180,PDC000180
444,C21771,PDC000180,PDC000180
445,C217710,NA,PDC000446
446,C219555,NA,PDC000446
447,C22140,PDC000180,PDC000180
448,C22263,PDC000180,PDC000180
449,C224106,PDC000446,PDC000446
450,C22509,PDC000180,PDC000180
451,C22878,NA,PDC000180
452,C229764,PDC000446,PDC000446
453,C230871,PDC000180,PDC000180
454,C230994,PDC000180,PDC000180
455,C231855,PDC000446,PDC000446
456,C234192,PDC000446,PDC000446
457,C23862,PDC000180,PDC000180
458,C2415597,PDC000446,PDC000446
459,C243048,PDC000446,PDC000446
460,C247230,PDC000446,PDC000446
461,C253872,PDC000180,PDC000180
462,C25461,PDC000180,PDC000180
463,C25584,PDC000180,PDC000180
464,C25830,NA,PDC000180
465,C259161,PDC000446,PDC000446
466,C262605,PDC000180,PDC000180
467,C270477,PDC000180,PDC000180
468,C270723,PDC000180,PDC000180
469,C271092,PDC000180,PDC000180
470,C27798,PDC000180,PDC000180
471,C283515,NA,PDC000446
472,C28659,PDC000180,PDC000180
473,C287328,PDC000446,PDC000446
474,C28905,PDC000180,PDC000180
475,C289419,PDC000446,PDC000446
476,C29151,PDC000180,PDC000180
477,C29397,PDC000180,PDC000180
478,C298152,PDC000446,PDC000446
479,C30012,PDC000180,PDC000180
480,C30258,PDC000180,PDC000180
481,C30381,PDC000180,PDC000180
482,C308730,PDC000180,PDC000180
483,C308853,PDC000180,PDC000180
484,C310083,PDC000180,PDC000180
485,C311067,PDC000180,PDC000180
486,C311436,PDC000180,PDC000180
487,C311559,PDC000180,PDC000180
488,C317832,NA,PDC000446
489,C330255,NA,PDC000446
490,C337143,PDC000180,PDC000180
491,C33825,PDC000180,PDC000180
492,C340710,NA,PDC000180
493,C34440,NA,PDC000180
494,C35670,PDC000180,PDC000180
495,C35793,PDC000180,PDC000180
496,C35916,PDC000180,PDC000180
497,C36408,PDC000180,PDC000180
498,C36900,PDC000180,PDC000180
499,C372321,PDC000180,PDC000180
500,C37392,PDC000180,PDC000180
501,C374289,PDC000180,PDC000180
502,C374412,PDC000180,PDC000180
503,C37638,PDC000180,PDC000180
504,C377856,PDC000180,PDC000180
505,C383391,PDC000446,PDC000446
506,C387450,PDC000180,PDC000180
507,C387573,PDC000180,PDC000180
508,C38868,PDC000180,PDC000180
509,C38991,PDC000180,PDC000180
510,C393477,PDC000180,PDC000180
511,C39483,PDC000180,PDC000180
512,C39606,PDC000180,PDC000180
513,C39729,PDC000180,PDC000180
514,C3L-00001,PDC000153,PDC000153
515,C3L-00004,PDC000127,PDC000127
516,C3L-00006,PDC000125,PDC000125
517,C3L-00008,PDC000125,PDC000125
518,C3L-00009,PDC000153,PDC000153
519,C3L-00010,PDC000127,PDC000127
520,C3L-00011,PDC000127,PDC000127
521,C3L-00017,PDC000270,PDC000270
522,C3L-00026,PDC000127,PDC000127
523,C3L-00032,PDC000125,PDC000125
524,C3L-00079,PDC000127,PDC000127
525,C3L-00080,PDC000153,PDC000153
526,C3L-00081,PDC000234,PDC000234
527,C3L-00083,PDC000153,PDC000153
528,C3L-00086,PDC000439,PDC000439
529,C3L-00088,PDC000127,PDC000127
530,C3L-00090,PDC000125,PDC000125
531,C3L-00093,PDC000153,PDC000153
532,C3L-00094,PDC000153,PDC000153
533,C3L-00095,PDC000153,PDC000153
534,C3L-00096,PDC000127,PDC000127
535,C3L-00097,PDC000127,PDC000127
536,C3L-00098,PDC000125,PDC000125
537,C3L-00102,PDC000270,PDC000270
538,C3L-00103,PDC000127,PDC000127
539,C3L-00104,PDC000204,PDC000204
540,C3L-00136,PDC000125,PDC000125
541,C3L-00137,PDC000125,PDC000125
542,C3L-00139,PDC000125,PDC000125
543,C3L-00140,PDC000153,PDC000153
544,C3L-00143,PDC000125,PDC000125
545,C3L-00144,PDC000153,PDC000153
546,C3L-00145,PDC000125,PDC000125
547,C3L-00156,PDC000125,PDC000125
548,C3L-00161,PDC000125,PDC000125
549,C3L-00183,PDC000127,PDC000127
550,C3L-00189,PDC000270,PDC000270
551,C3L-00263,PDC000153,PDC000153
552,C3L-00277,PDC000270,PDC000270
553,C3L-00279,PDC000153,PDC000153
554,C3L-00358,PDC000125,PDC000125
555,C3L-00359,PDC000127,PDC000127
556,C3L-00360,PDC000127,PDC000127
557,C3L-00361,PDC000125,PDC000125
558,C3L-00362,PDC000125,PDC000125
559,C3L-00365,PDC000204,PDC000204
560,C3L-00368,PDC000153,PDC000153
561,C3L-00369,PDC000127,PDC000127
562,C3L-00401,PDC000270,PDC000270
563,C3L-00412,PDC000153,PDC000153
564,C3L-00413,PDC000125,PDC000125
565,C3L-00415,PDC000234,PDC000234
566,C3L-00416,PDC000127,PDC000127
567,C3L-00418,PDC000127,PDC000127
568,C3L-00422,PDC000153,PDC000153
569,C3L-00445,PDC000234,PDC000234
570,C3L-00447,PDC000127,PDC000127
571,C3L-00448,PDC000127,PDC000127
572,C3L-00449,PDC000125,PDC000125
573,C3L-00510,PDC000153,PDC000153
574,C3L-00561,PDC000127,PDC000127
575,C3L-00563,PDC000125,PDC000125
576,C3L-00568,PDC000234,PDC000234
577,C3L-00581,PDC000127,PDC000127
578,C3L-00583,PDC000127,PDC000127
579,C3L-00586,PDC000125,PDC000125
580,C3L-00589,PDC000270,PDC000270
581,C3L-00598,PDC000270,PDC000270
582,C3L-00599,PDC000270,PDC000270
583,C3L-00601,PDC000125,PDC000125
584,C3L-00603,PDC000234,PDC000234
585,C3L-00604,PDC000153,PDC000153
586,C3L-00605,PDC000125,PDC000125
587,C3L-00606,PDC000127,PDC000127
588,C3L-00607,PDC000127,PDC000127
589,C3L-00608,PDC000464,PDC000464
590,C3L-00610,PDC000127,PDC000127
591,C3L-00622,PDC000270,PDC000270
592,C3L-00625,PDC000270,PDC000270
593,C3L-00640,PDC000270,PDC000270
594,C3L-00674,PDC000204,PDC000204
595,C3L-00677,PDC000204,PDC000204
596,C3L-00765,PDC000127,PDC000127
597,C3L-00766,PDC000127,PDC000127
598,C3L-00767,PDC000125,PDC000125
599,C3L-00769,PDC000125,PDC000125
600,C3L-00770,PDC000125,PDC000125
601,C3L-00771,PDC000125,PDC000125
602,C3L-00780,PDC000125,PDC000125
603,C3L-00781,PDC000125,PDC000125
604,C3L-00790,PDC000127,PDC000127
605,C3L-00791,PDC000127,PDC000127
606,C3L-00792,PDC000127,PDC000127
607,C3L-00795,PDC000464,PDC000464
608,C3L-00796,PDC000127,PDC000127
609,C3L-00799,PDC000127,PDC000127
610,C3L-00800,PDC000127,PDC000127
611,C3L-00812,PDC000127,PDC000127
612,C3L-00813,PDC000127,PDC000127
613,C3L-00814,PDC000127,PDC000127
614,C3L-00817,PDC000127,PDC000127
615,C3L-00819,PDC000270,PDC000270
616,C3L-00881,PDC000270,PDC000270
617,C3L-00893,PDC000153,PDC000153
618,C3L-00898,PDC000439,PDC000439
619,C3L-00902,PDC000127,PDC000127
620,C3L-00904,PDC000234,PDC000234
621,C3L-00905,PDC000125,PDC000125
622,C3L-00907,PDC000127,PDC000127
623,C3L-00908,PDC000127,PDC000127
624,C3L-00910,PDC000127,PDC000127
625,C3L-00913,PDC000153,PDC000153
626,C3L-00917,PDC000127,PDC000127
627,C3L-00918,PDC000125,PDC000125
628,C3L-00921,PDC000125,PDC000125
629,C3L-00923,PDC000234,PDC000234
630,C3L-00927,PDC000234,PDC000234
631,C3L-00928,PDC000270,PDC000270
632,C3L-00932,PDC000125,PDC000125
633,C3L-00942,PDC000125,PDC000125
634,C3L-00943,PDC000439,PDC000439
635,C3L-00946,PDC000125,PDC000125
636,C3L-00947,PDC000125,PDC000125
637,C3L-00949,PDC000125,PDC000125
638,C3L-00961,PDC000125,PDC000125
639,C3L-00963,PDC000125,PDC000125
640,C3L-00965,PDC000234,PDC000234
641,C3L-00973,PDC000153,PDC000153
642,C3L-00977,PDC000221,PDC000221
643,C3L-00987,PDC000221,PDC000221
644,C3L-00993,PDC000234,PDC000234
645,C3L-00994,PDC000221,PDC000221
646,C3L-00995,PDC000221,PDC000221
647,C3L-00997,PDC000221,PDC000221
648,C3L-00999,PDC000221,PDC000221
649,C3L-01000,PDC000234,PDC000234
650,C3L-01031,PDC000270,PDC000270
651,C3L-01036,PDC000270,PDC000270
652,C3L-01037,PDC000270,PDC000270
653,C3L-01040,PDC000204,PDC000204
654,C3L-01043,PDC000204,PDC000204
655,C3L-01045,PDC000204,PDC000204
656,C3L-01046,PDC000204,PDC000204
657,C3L-01048,PDC000204,PDC000204
658,C3L-01049,PDC000204,PDC000204
659,C3L-01051,PDC000270,PDC000270
660,C3L-01052,PDC000270,PDC000270
661,C3L-01053,PDC000270,PDC000270
662,C3L-01054,PDC000270,PDC000270
663,C3L-01061,PDC000204,PDC000204
664,C3L-01064,PDC000439,PDC000439
665,C3L-01124,PDC000270,PDC000270
666,C3L-01138,PDC000221,PDC000221
667,C3L-01142,PDC000204,PDC000204
668,C3L-01146,PDC000204,PDC000204
669,C3L-01149,PDC000204,PDC000204
670,C3L-01154,PDC000204,PDC000204
671,C3L-01155,PDC000204,PDC000204
672,C3L-01156,PDC000204,PDC000204
673,C3L-01157,PDC000204,PDC000204
674,C3L-01232,PDC000446,PDC000446
675,C3L-01237,PDC000221,PDC000221
676,C3L-01246,PDC000125,PDC000125
677,C3L-01248,PDC000125,PDC000125
678,C3L-01249,PDC000125,PDC000125
679,C3L-01252,PDC000125,PDC000125
680,C3L-01256,PDC000125,PDC000125
681,C3L-01257,PDC000125,PDC000125
682,C3L-01275,PDC000125,PDC000125
683,C3L-01277,PDC000439,PDC000439
684,C3L-01279,PDC000464,PDC000464
685,C3L-01281,PDC000127,PDC000127
686,C3L-01282,PDC000125,PDC000125
687,C3L-01283,PDC000127,PDC000127
688,C3L-01285,PDC000234,PDC000234
689,C3L-01286,PDC000127,PDC000127
690,C3L-01287,PDC000127,PDC000127
691,C3L-01288,PDC000127,PDC000127
692,C3L-01302,PDC000127,PDC000127
693,C3L-01304,PDC000125,PDC000125
694,C3L-01307,PDC000125,PDC000125
695,C3L-01311,PDC000125,PDC000125
696,C3L-01312,PDC000125,PDC000125
697,C3L-01313,PDC000127,PDC000127
698,C3L-01327,PDC000204,PDC000204
699,C3L-01328,PDC000270,PDC000270
700,C3L-01330,PDC000153,PDC000153
701,C3L-01352,PDC000127,PDC000127
702,C3L-01355,PDC000439,PDC000439
703,C3L-01453,PDC000270,PDC000270
704,C3L-01455,PDC000234,PDC000234
705,C3L-01458,PDC000464,PDC000464
706,C3L-01460,PDC000464,PDC000464
707,C3L-01461,PDC000464,PDC000464
708,C3L-01463,PDC000464,PDC000464
709,C3L-01467,PDC000464,PDC000464
710,C3L-01469,PDC000464,PDC000464
711,C3L-01553,PDC000127,PDC000127
712,C3L-01557,PDC000127,PDC000127
713,C3L-01558,PDC000464,PDC000464
714,C3L-01560,PDC000127,PDC000127
715,C3L-01598,PDC000270,PDC000270
716,C3L-01599,PDC000439,PDC000439
717,C3L-01603,PDC000127,PDC000127
718,C3L-01606,PDC000234,PDC000234
719,C3L-01607,PDC000127,PDC000127
720,C3L-01631,PDC000439,PDC000439
721,C3L-01632,PDC000153,PDC000153
722,C3L-01633,PDC000439,PDC000439
723,C3L-01637,PDC000270,PDC000270
724,C3L-01639,PDC000439,PDC000439
725,C3L-01662,PDC000270,PDC000270
726,C3L-01663,PDC000234,PDC000234
727,C3L-01664,PDC000439,PDC000439
728,C3L-01668,PDC000439,PDC000439
729,C3L-01672,PDC000439,PDC000439
730,C3L-01682,PDC000153,PDC000153
731,C3L-01683,PDC000153,PDC000153
732,C3L-01687,PDC000270,PDC000270
733,C3L-01689,PDC000270,PDC000270
734,C3L-01703,PDC000270,PDC000270
735,C3L-01729,PDC000439,PDC000439
736,C3L-01732,PDC000439,PDC000439
737,C3L-01739,PDC000439,PDC000439
738,C3L-01744,PDC000125,PDC000125
739,C3L-01749,PDC000439,PDC000439
740,C3L-01833,PDC000439,PDC000439
741,C3L-01834,PDC000204,PDC000204
742,C3L-01836,PDC000127,PDC000127
743,C3L-01838,PDC000234,PDC000234
744,C3L-01840,PDC000439,PDC000439
745,C3L-01861,PDC000127,PDC000127
746,C3L-01862,PDC000153,PDC000153
747,C3L-01864,PDC000439,PDC000439
748,C3L-01865,PDC000464,PDC000464
749,C3L-01882,PDC000127,PDC000127
750,C3L-01884,PDC000234,PDC000234
751,C3L-01885,PDC000127,PDC000127
752,C3L-01887,PDC000204,PDC000204
753,C3L-01889,PDC000153,PDC000153
754,C3L-01890,PDC000153,PDC000153
755,C3L-01913,PDC000439,PDC000439
756,C3L-01924,PDC000153,PDC000153
757,C3L-01925,PDC000125,PDC000125
758,C3L-01953,PDC000464,PDC000464
759,C3L-01955,PDC000464,PDC000464
760,C3L-01960,PDC000464,PDC000464
761,C3L-01962,PDC000464,PDC000464
762,C3L-01967,PDC000439,PDC000439
763,C3L-01971,PDC000270,PDC000270
764,C3L-02041,PDC000204,PDC000204
765,C3L-02109,PDC000270,PDC000270
766,C3L-02112,PDC000270,PDC000270
767,C3L-02116,PDC000270,PDC000270
768,C3L-02118,PDC000270,PDC000270
769,C3L-02119,PDC000439,PDC000439
770,C3L-02121,PDC000439,PDC000439
771,C3L-02125,PDC000439,PDC000439
772,C3L-02127,PDC000234,PDC000234
773,C3L-02130,PDC000234,PDC000234
774,C3L-02163,PDC000234,PDC000234
775,C3L-02164,PDC000234,PDC000234
776,C3L-02168,PDC000234,PDC000234
777,C3L-02170,PDC000234,PDC000234
778,C3L-02179,PDC000464,PDC000464
779,C3L-02204,PDC000464,PDC000464
780,C3L-02210,PDC000464,PDC000464
781,C3L-02212,PDC000464,PDC000464
782,C3L-02216,PDC000439,PDC000439
783,C3L-02219,PDC000153,PDC000153
784,C3L-02345,PDC000153,PDC000153
785,C3L-02347,PDC000439,PDC000439
786,C3L-02348,PDC000153,PDC000153
787,C3L-02349,PDC000234,PDC000234
788,C3L-02350,PDC000153,PDC000153
789,C3L-02353,PDC000439,PDC000439
790,C3L-02354,PDC000439,PDC000439
791,C3L-02357,PDC000439,PDC000439
792,C3L-02358,PDC000234,PDC000234
793,C3L-02365,PDC000153,PDC000153
794,C3L-02382,PDC000439,PDC000439
795,C3L-02384,PDC000439,PDC000439
796,C3L-02389,PDC000439,PDC000439
797,C3L-02392,PDC000439,PDC000439
798,C3L-02399,PDC000439,PDC000439
799,C3L-02403,PDC000439,PDC000439
800,C3L-02408,PDC000439,PDC000439
801,C3L-02409,PDC000439,PDC000439
802,C3L-02411,PDC000439,PDC000439
803,C3L-02412,PDC000439,PDC000439
804,C3L-02449,PDC000439,PDC000439
805,C3L-02463,PDC000270,PDC000270
806,C3L-02465,PDC000204,PDC000204
807,C3L-02468,PDC000439,PDC000439
808,C3L-02504,PDC000204,PDC000204
809,C3L-02508,PDC000153,PDC000153
810,C3L-02542,PDC000204,PDC000204
811,C3L-02545,PDC000439,PDC000439
812,C3L-02546,PDC000234,PDC000234
813,C3L-02549,PDC000153,PDC000153
814,C3L-02552,PDC000234,PDC000234
815,C3L-02555,PDC000439,PDC000439
816,C3L-02557,PDC000439,PDC000439
817,C3L-02602,PDC000439,PDC000439
818,C3L-02604,PDC000270,PDC000270
819,C3L-02606,PDC000270,PDC000270
820,C3L-02610,PDC000270,PDC000270
821,C3L-02613,PDC000270,PDC000270
822,C3L-02617,PDC000221,PDC000221
823,C3L-02619,PDC000234,PDC000234
824,C3L-02621,PDC000221,PDC000221
825,C3L-02625,PDC000234,PDC000234
826,C3L-02627,PDC000234,PDC000234
827,C3L-02629,PDC000234,PDC000234
828,C3L-02642,PDC000204,PDC000204
829,C3L-02644,PDC000446,PDC000446
830,C3L-02646,PDC000234,PDC000234
831,C3L-02648,PDC000234,PDC000234
832,C3L-02649,PDC000234,PDC000234
833,C3L-02650,PDC000234,PDC000234
834,C3L-02651,PDC000221,PDC000221
835,C3L-02660,PDC000234,PDC000234
836,C3L-02662,PDC000446,PDC000446
837,C3L-02665,PDC000234,PDC000234
838,C3L-02669,PDC000234,PDC000234
839,C3L-02701,PDC000270,PDC000270
840,C3L-02704,PDC000204,PDC000204
841,C3L-02705,PDC000204,PDC000204
842,C3L-02707,PDC000204,PDC000204
843,C3L-02708,PDC000204,PDC000204
844,C3L-02741,PDC000439,PDC000439
845,C3L-02744,PDC000439,PDC000439
846,C3L-02746,PDC000439,PDC000439
847,C3L-02747,PDC000439,PDC000439
848,C3L-02800,PDC000439,PDC000439
849,C3L-02802,PDC000439,PDC000439
850,C3L-02809,PDC000270,PDC000270
851,C3L-02858,PDC000464,PDC000464
852,C3L-02860,PDC000464,PDC000464
853,C3L-02891,PDC000234,PDC000234
854,C3L-02894,PDC000439,PDC000439
855,C3L-02897,PDC000270,PDC000270
856,C3L-02899,PDC000270,PDC000270
857,C3L-02900,PDC000204,PDC000204
858,C3L-02951,PDC000234,PDC000234
859,C3L-02953,PDC000439,PDC000439
860,C3L-02955,PDC000204,PDC000204
861,C3L-02963,PDC000234,PDC000234
862,C3L-02964,PDC000234,PDC000234
863,C3L-02968,PDC000234,PDC000234
864,C3L-02969,PDC000234,PDC000234
865,C3L-02970,PDC000204,PDC000204
866,C3L-02984,PDC000204,PDC000204
867,C3L-02990,PDC000439,PDC000439
868,C3L-03123,PDC000270,PDC000270
869,C3L-03143,PDC000439,PDC000439
870,C3L-03260,PDC000204,PDC000204
871,C3L-03264,PDC000439,PDC000439
872,C3L-03266,PDC000204,PDC000204
873,C3L-03272,PDC000234,PDC000234
874,C3L-03356,PDC000270,PDC000270
875,C3L-03372,PDC000446,PDC000446
876,C3L-03378,PDC000221,PDC000221
877,C3L-03385,PDC000446,PDC000446
878,C3L-03387,PDC000204,PDC000204
879,C3L-03388,PDC000270,PDC000270
880,C3L-03390,PDC000204,PDC000204
881,C3L-03392,PDC000204,PDC000204
882,C3L-03394,PDC000270,PDC000270
883,C3L-03395,PDC000270,PDC000270
884,C3L-03400,PDC000204,PDC000204
885,C3L-03405,PDC000204,PDC000204
886,C3L-03407,PDC000204,PDC000204
887,C3L-03467,PDC000439,PDC000439
888,C3L-03589,PDC000439,PDC000439
889,C3L-03628,PDC000270,PDC000270
890,C3L-03630,PDC000270,PDC000270
891,C3L-03632,PDC000270,PDC000270
892,C3L-03635,PDC000270,PDC000270
893,C3L-03639,PDC000270,PDC000270
894,C3L-03678,PDC000234,PDC000234
895,C3L-03681,PDC000204,PDC000204
896,C3L-03727,PDC000204,PDC000204
897,C3L-03728,PDC000204,PDC000204
898,C3L-03735,PDC000446,PDC000446
899,C3L-03740,PDC000446,PDC000446
900,C3L-03743,PDC000270,PDC000270
901,C3L-03744,PDC000204,PDC000204
902,C3L-03748,PDC000204,PDC000204
903,C3L-03961,PDC000234,PDC000234
904,C3L-03962,PDC000234,PDC000234
905,C3L-03963,PDC000234,PDC000234
906,C3L-03965,PDC000234,PDC000234
907,C3L-03968,PDC000204,PDC000204
908,C3L-04013,PDC000234,PDC000234
909,C3L-04014,PDC000234,PDC000234
910,C3L-04025,PDC000221,PDC000221
911,C3L-04027,PDC000270,PDC000270
912,C3L-04036,PDC000446,PDC000446
913,C3L-04038,PDC000446,PDC000446
914,C3L-04071,PDC000234,PDC000234
915,C3L-04072,PDC000270,PDC000270
916,C3L-04080,PDC000270,PDC000270
917,C3L-04081,PDC000446,PDC000446
918,C3L-04082,PDC000446,PDC000446
919,C3L-04083,PDC000446,PDC000446
920,C3L-04084,PDC000204,PDC000204
921,C3L-04085,PDC000446,PDC000446
922,C3L-04090,PDC000446,PDC000446
923,C3L-04213,PDC000446,PDC000446
924,C3L-04339,PDC000446,PDC000446
925,C3L-04354,PDC000221,PDC000221
926,C3L-04359,PDC000446,PDC000446
927,C3L-04362,PDC000446,PDC000446
928,C3L-04391,PDC000234,PDC000234
929,C3L-04392,PDC000446,PDC000446
930,C3L-04473,PDC000270,PDC000270
931,C3L-04475,PDC000270,PDC000270
932,C3L-04479,PDC000270,PDC000270
933,C3L-04495,PDC000270,PDC000270
934,C3L-04537,PDC000446,PDC000446
935,C3L-04539,PDC000446,PDC000446
936,C3L-04731,PDC000446,PDC000446
937,C3L-04791,PDC000221,PDC000221
938,C3L-04795,PDC000446,PDC000446
939,C3L-04844,PDC000221,PDC000221
940,C3L-04848,PDC000270,PDC000270
941,C3L-04849,PDC000221,PDC000221
942,C3L-04853,PDC000270,PDC000270
943,C3L-05239,PDC000446,PDC000446
944,C3L-05481,PDC000446,PDC000446
945,C3L-05571,PDC000439,PDC000439
946,C3L-05848,PDC000439,PDC000439
947,C3L-05849,PDC000439,PDC000439
948,C3L-06625,PDC000446,PDC000446
949,C3L-07202,PDC000446,PDC000446
950,C3L-07213,PDC000446,PDC000446
951,C3L-07611,PDC000446,PDC000446
952,C3N-00148,PDC000127,PDC000127
953,C3N-00149,PDC000127,PDC000127
954,C3N-00150,PDC000127,PDC000127
955,C3N-00151,PDC000125,PDC000125
956,C3N-00154,PDC000127,PDC000127
957,C3N-00155,PDC000439,PDC000439
958,C3N-00167,PDC000153,PDC000153
959,C3N-00168,PDC000127,PDC000127
960,C3N-00169,PDC000153,PDC000153
961,C3N-00175,PDC000153,PDC000153
962,C3N-00177,PDC000127,PDC000127
963,C3N-00180,PDC000153,PDC000153
964,C3N-00194,PDC000127,PDC000127
965,C3N-00198,PDC000270,PDC000270
966,C3N-00199,PDC000153,PDC000153
967,C3N-00200,PDC000125,PDC000125
968,C3N-00203,PDC000153,PDC000153
969,C3N-00204,PDC000221,PDC000221
970,C3N-00211,PDC000234,PDC000234
971,C3N-00217,PDC000153,PDC000153
972,C3N-00221,PDC000234,PDC000234
973,C3N-00223,PDC000153,PDC000153
974,C3N-00242,PDC000127,PDC000127
975,C3N-00243,PDC000464,PDC000464
976,C3N-00244,PDC000127,PDC000127
977,C3N-00246,PDC000127,PDC000127
978,C3N-00247,PDC000234,PDC000234
979,C3N-00249,PDC000270,PDC000270
980,C3N-00293,PDC000153,PDC000153
981,C3N-00294,PDC000153,PDC000153
982,C3N-00295,PDC000221,PDC000221
983,C3N-00297,PDC000221,PDC000221
984,C3N-00299,PDC000221,PDC000221
985,C3N-00302,PDC000270,PDC000270
986,C3N-00303,PDC000270,PDC000270
987,C3N-00305,PDC000127,PDC000127
988,C3N-00306,PDC000221,PDC000221
989,C3N-00307,PDC000221,PDC000221
990,C3N-00310,PDC000127,PDC000127
991,C3N-00312,PDC000127,PDC000127
992,C3N-00313,PDC000127,PDC000127
993,C3N-00314,PDC000127,PDC000127
994,C3N-00315,PDC000127,PDC000127
995,C3N-00317,PDC000127,PDC000127
996,C3N-00320,PDC000127,PDC000127
997,C3N-00321,PDC000125,PDC000125
998,C3N-00322,PDC000125,PDC000125
999,C3N-00323,PDC000125,PDC000125
1000,C3N-00324,PDC000125,PDC000125
1001,C3N-00326,PDC000125,PDC000125
1002,C3N-00328,PDC000125,PDC000125
1003,C3N-00333,PDC000125,PDC000125
1004,C3N-00334,PDC000125,PDC000125
1005,C3N-00335,PDC000125,PDC000125
1006,C3N-00337,PDC000125,PDC000125
1007,C3N-00339,PDC000125,PDC000125
1008,C3N-00340,PDC000125,PDC000125
1009,C3N-00377,PDC000125,PDC000125
1010,C3N-00379,PDC000125,PDC000125
1011,C3N-00380,PDC000127,PDC000127
1012,C3N-00383,PDC000125,PDC000125
1013,C3N-00386,PDC000125,PDC000125
1014,C3N-00388,PDC000125,PDC000125
1015,C3N-00389,PDC000125,PDC000125
1016,C3N-00390,PDC000127,PDC000127
1017,C3N-00433,PDC000153,PDC000153
1018,C3N-00435,PDC000127,PDC000127
1019,C3N-00436,PDC000270,PDC000270
1020,C3N-00437,PDC000127,PDC000127
1021,C3N-00438,PDC000464,PDC000464
1022,C3N-00439,PDC000464,PDC000464
1023,C3N-00440,PDC000464,PDC000464
1024,C3N-00491,PDC000127,PDC000127
1025,C3N-00492,PDC000127,PDC000127
1026,C3N-00494,PDC000127,PDC000127
1027,C3N-00495,PDC000127,PDC000127
1028,C3N-00496,PDC000464,PDC000464
1029,C3N-00497,PDC000234,PDC000234
1030,C3N-00498,PDC000221,PDC000221
1031,C3N-00511,PDC000270,PDC000270
1032,C3N-00512,PDC000270,PDC000270
1033,C3N-00513,PDC000270,PDC000270
1034,C3N-00514,PDC000270,PDC000270
1035,C3N-00516,PDC000270,PDC000270
1036,C3N-00517,PDC000270,PDC000270
1037,C3N-00518,PDC000270,PDC000270
1038,C3N-00519,PDC000221,PDC000221
1039,C3N-00520,PDC000439,PDC000439
1040,C3N-00546,PDC000153,PDC000153
1041,C3N-00547,PDC000153,PDC000153
1042,C3N-00549,PDC000153,PDC000153
1043,C3N-00550,PDC000153,PDC000153
1044,C3N-00551,PDC000153,PDC000153
1045,C3N-00552,PDC000153,PDC000153
1046,C3N-00555,PDC000234,PDC000234
1047,C3N-00556,PDC000153,PDC000153
1048,C3N-00559,PDC000153,PDC000153
1049,C3N-00560,PDC000153,PDC000153
1050,C3N-00572,PDC000153,PDC000153
1051,C3N-00573,PDC000127,PDC000127
1052,C3N-00574,PDC000153,PDC000153
1053,C3N-00577,PDC000127,PDC000127
1054,C3N-00578,PDC000153,PDC000153
1055,C3N-00579,PDC000153,PDC000153
1056,C3N-00580,PDC000153,PDC000153
1057,C3N-00646,PDC000127,PDC000127
1058,C3N-00661,PDC000204,PDC000204
1059,C3N-00662,PDC000204,PDC000204
1060,C3N-00663,PDC000204,PDC000204
1061,C3N-00665,PDC000204,PDC000204
1062,C3N-00704,PDC000153,PDC000153
1063,C3N-00709,PDC000270,PDC000270
1064,C3N-00729,PDC000125,PDC000125
1065,C3N-00732,PDC000439,PDC000439
1066,C3N-00733,PDC000127,PDC000127
1067,C3N-00734,PDC000125,PDC000125
1068,C3N-00737,PDC000153,PDC000153
1069,C3N-00738,PDC000153,PDC000153
1070,C3N-00743,PDC000125,PDC000125
1071,C3N-00750,PDC000439,PDC000439
1072,C3N-00753,PDC000439,PDC000439
1073,C3N-00755,PDC000439,PDC000439
1074,C3N-00822,PDC000221,PDC000221
1075,C3N-00825,PDC000221,PDC000221
1076,C3N-00828,PDC000221,PDC000221
1077,C3N-00829,PDC000221,PDC000221
1078,C3N-00831,PDC000127,PDC000127
1079,C3N-00832,PDC000127,PDC000127
1080,C3N-00834,PDC000127,PDC000127
1081,C3N-00835,PDC000464,PDC000464
1082,C3N-00836,PDC000125,PDC000125
1083,C3N-00846,PDC000221,PDC000221
1084,C3N-00847,PDC000125,PDC000125
1085,C3N-00848,PDC000125,PDC000125
1086,C3N-00850,PDC000125,PDC000125
1087,C3N-00852,PDC000127,PDC000127
1088,C3N-00857,PDC000221,PDC000221
1089,C3N-00858,PDC000125,PDC000125
1090,C3N-00859,PDC000439,PDC000439
1091,C3N-00860,PDC000439,PDC000439
1092,C3N-00866,PDC000125,PDC000125
1093,C3N-00871,PDC000221,PDC000221
1094,C3N-00872,PDC000439,PDC000439
1095,C3N-00880,PDC000125,PDC000125
1096,C3N-00953,PDC000127,PDC000127
1097,C3N-00957,PDC000270,PDC000270
1098,C3N-00958,PDC000464,PDC000464
1099,C3N-00959,PDC000153,PDC000153
1100,C3N-01003,PDC000125,PDC000125
1101,C3N-01007,PDC000439,PDC000439
1102,C3N-01008,PDC000439,PDC000439
1103,C3N-01011,PDC000270,PDC000270
1104,C3N-01012,PDC000270,PDC000270
1105,C3N-01016,PDC000153,PDC000153
1106,C3N-01017,PDC000234,PDC000234
1107,C3N-01020,PDC000234,PDC000234
1108,C3N-01021,PDC000153,PDC000153
1109,C3N-01023,PDC000153,PDC000153
1110,C3N-01024,PDC000153,PDC000153
1111,C3N-01025,PDC000234,PDC000234
1112,C3N-01028,PDC000234,PDC000234
1113,C3N-01030,PDC000153,PDC000153
1114,C3N-01071,PDC000153,PDC000153
1115,C3N-01072,PDC000153,PDC000153
1116,C3N-01074,PDC000153,PDC000153
1117,C3N-01079,PDC000439,PDC000439
1118,C3N-01165,PDC000270,PDC000270
1119,C3N-01166,PDC000270,PDC000270
1120,C3N-01167,PDC000270,PDC000270
1121,C3N-01168,PDC000270,PDC000270
1122,C3N-01171,PDC000439,PDC000439
1123,C3N-01172,PDC000439,PDC000439
1124,C3N-01175,PDC000127,PDC000127
1125,C3N-01176,PDC000127,PDC000127
1126,C3N-01177,PDC000464,PDC000464
1127,C3N-01178,PDC000127,PDC000127
1128,C3N-01179,PDC000127,PDC000127
1129,C3N-01180,PDC000127,PDC000127
1130,C3N-01192,PDC000204,PDC000204
1131,C3N-01194,PDC000234,PDC000234
1132,C3N-01196,PDC000204,PDC000204
1133,C3N-01200,PDC000127,PDC000127
1134,C3N-01211,PDC000125,PDC000125
1135,C3N-01212,PDC000125,PDC000125
1136,C3N-01213,PDC000127,PDC000127
1137,C3N-01214,PDC000127,PDC000127
1138,C3N-01217,PDC000125,PDC000125
1139,C3N-01219,PDC000125,PDC000125
1140,C3N-01220,PDC000127,PDC000127
1141,C3N-01261,PDC000127,PDC000127
1142,C3N-01267,PDC000125,PDC000125
1143,C3N-01270,PDC000464,PDC000464
1144,C3N-01334,PDC000204,PDC000204
1145,C3N-01337,PDC000221,PDC000221
1146,C3N-01338,PDC000221,PDC000221
1147,C3N-01339,PDC000221,PDC000221
1148,C3N-01340,PDC000221,PDC000221
1149,C3N-01341,PDC000439,PDC000439
1150,C3N-01342,PDC000439,PDC000439
1151,C3N-01344,PDC000439,PDC000439
1152,C3N-01346,PDC000125,PDC000125
1153,C3N-01349,PDC000125,PDC000125
1154,C3N-01361,PDC000127,PDC000127
1155,C3N-01362,PDC000464,PDC000464
1156,C3N-01364,PDC000204,PDC000204
1157,C3N-01366,PDC000204,PDC000204
1158,C3N-01367,PDC000204,PDC000204
1159,C3N-01368,PDC000204,PDC000204
1160,C3N-01369,PDC000204,PDC000204
1161,C3N-01375,PDC000270,PDC000270
1162,C3N-01380,PDC000270,PDC000270
1163,C3N-01381,PDC000270,PDC000270
1164,C3N-01382,PDC000270,PDC000270
1165,C3N-01383,PDC000270,PDC000270
1166,C3N-01388,PDC000270,PDC000270
1167,C3N-01405,PDC000153,PDC000153
1168,C3N-01410,PDC000153,PDC000153
1169,C3N-01411,PDC000234,PDC000234
1170,C3N-01413,PDC000153,PDC000153
1171,C3N-01414,PDC000153,PDC000153
1172,C3N-01415,PDC000153,PDC000153
1173,C3N-01416,PDC000153,PDC000153
1174,C3N-01488,PDC000153,PDC000153
1175,C3N-01489,PDC000153,PDC000153
1176,C3N-01502,PDC000270,PDC000270
1177,C3N-01505,PDC000204,PDC000204
1178,C3N-01510,PDC000125,PDC000125
1179,C3N-01515,PDC000204,PDC000204
1180,C3N-01517,PDC000204,PDC000204
1181,C3N-01518,PDC000204,PDC000204
1182,C3N-01520,PDC000125,PDC000125
1183,C3N-01521,PDC000125,PDC000125
1184,C3N-01522,PDC000127,PDC000127
1185,C3N-01524,PDC000127,PDC000127
1186,C3N-01525,PDC000439,PDC000439
1187,C3N-01526,PDC000439,PDC000439
1188,C3N-01529,PDC000439,PDC000439
1189,C3N-01537,PDC000125,PDC000125
1190,C3N-01620,PDC000221,PDC000221
1191,C3N-01645,PDC000221,PDC000221
1192,C3N-01646,PDC000127,PDC000127
1193,C3N-01648,PDC000127,PDC000127
1194,C3N-01649,PDC000127,PDC000127
1195,C3N-01650,PDC000464,PDC000464
1196,C3N-01651,PDC000127,PDC000127
1197,C3N-01652,PDC000464,PDC000464
1198,C3N-01653,PDC000464,PDC000464
1199,C3N-01714,PDC000270,PDC000270
1200,C3N-01715,PDC000270,PDC000270
1201,C3N-01716,PDC000270,PDC000270
1202,C3N-01719,PDC000270,PDC000270
1203,C3N-01752,PDC000221,PDC000221
1204,C3N-01754,PDC000221,PDC000221
1205,C3N-01755,PDC000221,PDC000221
1206,C3N-01756,PDC000221,PDC000221
1207,C3N-01757,PDC000221,PDC000221
1208,C3N-01758,PDC000221,PDC000221
1209,C3N-01761,PDC000439,PDC000439
1210,C3N-01764,PDC000439,PDC000439
1211,C3N-01765,PDC000439,PDC000439
1212,C3N-01766,PDC000439,PDC000439
1213,C3N-01798,PDC000204,PDC000204
1214,C3N-01799,PDC000153,PDC000153
1215,C3N-01802,PDC000125,PDC000125
1216,C3N-01803,PDC000464,PDC000464
1217,C3N-01808,PDC000127,PDC000127
1218,C3N-01814,PDC000204,PDC000204
1219,C3N-01815,PDC000204,PDC000204
1220,C3N-01816,PDC000204,PDC000204
1221,C3N-01818,PDC000204,PDC000204
1222,C3N-01823,PDC000153,PDC000153
1223,C3N-01825,PDC000125,PDC000125
1224,C3N-01830,PDC000439,PDC000439
1225,C3N-01842,PDC000153,PDC000153
1226,C3N-01843,PDC000439,PDC000439
1227,C3N-01846,PDC000234,PDC000234
1228,C3N-01847,PDC000439,PDC000439
1229,C3N-01848,PDC000439,PDC000439
1230,C3N-01849,PDC000446,PDC000446
1231,C3N-01851,PDC000204,PDC000204
1232,C3N-01852,PDC000204,PDC000204
1233,C3N-01856,PDC000204,PDC000204
1234,C3N-01857,PDC000204,PDC000204
1235,C3N-01858,PDC000221,PDC000221
1236,C3N-01859,PDC000221,PDC000221
1237,C3N-01871,PDC000439,PDC000439
1238,C3N-01873,PDC000439,PDC000439
1239,C3N-01874,PDC000439,PDC000439
1240,C3N-01875,PDC000439,PDC000439
1241,C3N-01876,PDC000439,PDC000439
1242,C3N-01877,PDC000439,PDC000439
1243,C3N-01878,PDC000439,PDC000439
1244,C3N-01879,PDC000439,PDC000439
1245,C3N-01880,PDC000439,PDC000439
1246,C3N-01892,PDC000234,PDC000234
1247,C3N-01893,PDC000234,PDC000234
1248,C3N-01903,PDC000464,PDC000464
1249,C3N-01904,PDC000464,PDC000464
1250,C3N-01943,PDC000221,PDC000221
1251,C3N-01944,PDC000221,PDC000221
1252,C3N-01945,PDC000221,PDC000221
1253,C3N-01946,PDC000221,PDC000221
1254,C3N-01947,PDC000221,PDC000221
1255,C3N-01948,PDC000221,PDC000221
1256,C3N-01998,PDC000270,PDC000270
1257,C3N-02000,PDC000153,PDC000153
1258,C3N-02002,PDC000153,PDC000153
1259,C3N-02003,PDC000153,PDC000153
1260,C3N-02010,PDC000270,PDC000270
1261,C3N-02012,PDC000439,PDC000439
1262,C3N-02027,PDC000439,PDC000439
1263,C3N-02028,PDC000439,PDC000439
1264,C3N-02030,PDC000439,PDC000439
1265,C3N-02061,PDC000439,PDC000439
1266,C3N-02062,PDC000439,PDC000439
1267,C3N-02067,PDC000153,PDC000153
1268,C3N-02087,PDC000153,PDC000153
1269,C3N-02089,PDC000153,PDC000153
1270,C3N-02145,PDC000153,PDC000153
1271,C3N-02149,PDC000153,PDC000153
1272,C3N-02155,PDC000153,PDC000153
1273,C3N-02158,PDC000153,PDC000153
1274,C3N-02181,PDC000204,PDC000204
1275,C3N-02183,PDC000204,PDC000204
1276,C3N-02185,PDC000204,PDC000204
1277,C3N-02186,PDC000204,PDC000204
1278,C3N-02188,PDC000204,PDC000204
1279,C3N-02190,PDC000204,PDC000204
1280,C3N-02244,PDC000439,PDC000439
1281,C3N-02247,PDC000439,PDC000439
1282,C3N-02249,PDC000439,PDC000439
1283,C3N-02252,PDC000234,PDC000234
1284,C3N-02253,PDC000439,PDC000439
1285,C3N-02255,PDC000204,PDC000204
1286,C3N-02256,PDC000204,PDC000204
1287,C3N-02259,PDC000446,PDC000446
1288,C3N-02261,PDC000464,PDC000464
1289,C3N-02271,PDC000439,PDC000439
1290,C3N-02274,PDC000439,PDC000439
1291,C3N-02275,PDC000221,PDC000221
1292,C3N-02279,PDC000221,PDC000221
1293,C3N-02283,PDC000234,PDC000234
1294,C3N-02284,PDC000234,PDC000234
1295,C3N-02285,PDC000234,PDC000234
1296,C3N-02286,PDC000446,PDC000446
1297,C3N-02288,PDC000234,PDC000234
1298,C3N-02289,PDC000234,PDC000234
1299,C3N-02295,PDC000270,PDC000270
1300,C3N-02296,PDC000439,PDC000439
1301,C3N-02298,PDC000439,PDC000439
1302,C3N-02300,PDC000234,PDC000234
1303,C3N-02302,PDC000439,PDC000439
1304,C3N-02333,PDC000221,PDC000221
1305,C3N-02337,PDC000439,PDC000439
1306,C3N-02339,PDC000234,PDC000234
1307,C3N-02372,PDC000439,PDC000439
1308,C3N-02374,PDC000234,PDC000234
1309,C3N-02375,PDC000234,PDC000234
1310,C3N-02379,PDC000153,PDC000153
1311,C3N-02380,PDC000153,PDC000153
1312,C3N-02421,PDC000153,PDC000153
1313,C3N-02422,PDC000153,PDC000153
1314,C3N-02423,PDC000153,PDC000153
1315,C3N-02424,PDC000153,PDC000153
1316,C3N-02425,PDC000234,PDC000234
1317,C3N-02426,PDC000234,PDC000234
1318,C3N-02433,PDC000153,PDC000153
1319,C3N-02434,PDC000234,PDC000234
1320,C3N-02435,PDC000234,PDC000234
1321,C3N-02436,PDC000439,PDC000439
1322,C3N-02437,PDC000439,PDC000439
1323,C3N-02440,PDC000464,PDC000464
1324,C3N-02494,PDC000234,PDC000234
1325,C3N-02523,PDC000234,PDC000234
1326,C3N-02529,PDC000153,PDC000153
1327,C3N-02572,PDC000153,PDC000153
1328,C3N-02573,PDC000270,PDC000270
1329,C3N-02575,PDC000234,PDC000234
1330,C3N-02579,PDC000270,PDC000270
1331,C3N-02582,PDC000153,PDC000153
1332,C3N-02585,PDC000270,PDC000270
1333,C3N-02586,PDC000153,PDC000153
1334,C3N-02587,PDC000153,PDC000153
1335,C3N-02588,PDC000153,PDC000153
1336,C3N-02589,PDC000270,PDC000270
1337,C3N-02592,PDC000270,PDC000270
1338,C3N-02595,PDC000439,PDC000439
1339,C3N-02598,PDC000439,PDC000439
1340,C3N-02599,PDC000446,PDC000446
1341,C3N-02631,PDC000439,PDC000439
1342,C3N-02632,PDC000439,PDC000439
1343,C3N-02635,PDC000439,PDC000439
1344,C3N-02636,PDC000439,PDC000439
1345,C3N-02637,PDC000439,PDC000439
1346,C3N-02639,PDC000439,PDC000439
1347,C3N-02675,PDC000234,PDC000234
1348,C3N-02678,PDC000439,PDC000439
1349,C3N-02681,PDC000446,PDC000446
1350,C3N-02682,PDC000446,PDC000446
1351,C3N-02683,PDC000446,PDC000446
1352,C3N-02694,PDC000221,PDC000221
1353,C3N-02695,PDC000221,PDC000221
1354,C3N-02700,PDC000221,PDC000221
1355,C3N-02713,PDC000221,PDC000221
1356,C3N-02714,PDC000221,PDC000221
1357,C3N-02716,PDC000221,PDC000221
1358,C3N-02727,PDC000221,PDC000221
1359,C3N-02729,PDC000153,PDC000153
1360,C3N-02730,PDC000221,PDC000221
1361,C3N-02768,PDC000270,PDC000270
1362,C3N-02769,PDC000204,PDC000204
1363,C3N-02770,PDC000204,PDC000204
1364,C3N-02782,PDC000204,PDC000204
1365,C3N-02783,PDC000204,PDC000204
1366,C3N-02784,PDC000204,PDC000204
1367,C3N-02785,PDC000204,PDC000204
1368,C3N-02786,PDC000204,PDC000204
1369,C3N-02788,PDC000204,PDC000204
1370,C3N-02789,PDC000439,PDC000439
1371,C3N-02818,PDC000464,PDC000464
1372,C3N-02925,PDC000221,PDC000221
1373,C3N-02940,PDC000270,PDC000270
1374,C3N-02944,PDC000270,PDC000270
1375,C3N-02947,PDC000439,PDC000439
1376,C3N-02971,PDC000270,PDC000270
1377,C3N-02972,PDC000439,PDC000439
1378,C3N-02976,PDC000439,PDC000439
1379,C3N-02978,PDC000439,PDC000439
1380,C3N-02979,PDC000439,PDC000439
1381,C3N-02994,PDC000439,PDC000439
1382,C3N-02998,PDC000270,PDC000270
1383,C3N-03000,PDC000270,PDC000270
1384,C3N-03001,PDC000446,PDC000446
1385,C3N-03003,PDC000446,PDC000446
1386,C3N-03005,PDC000439,PDC000439
1387,C3N-03006,PDC000270,PDC000270
1388,C3N-03007,PDC000270,PDC000270
1389,C3N-03008,PDC000221,PDC000221
1390,C3N-03009,PDC000221,PDC000221
1391,C3N-03011,PDC000221,PDC000221
1392,C3N-03012,PDC000221,PDC000221
1393,C3N-03013,PDC000221,PDC000221
1394,C3N-03015,PDC000221,PDC000221
1395,C3N-03021,PDC000464,PDC000464
1396,C3N-03025,PDC000446,PDC000446
1397,C3N-03027,PDC000221,PDC000221
1398,C3N-03028,PDC000221,PDC000221
1399,C3N-03039,PDC000270,PDC000270
1400,C3N-03042,PDC000221,PDC000221
1401,C3N-03045,PDC000221,PDC000221
1402,C3N-03051,PDC000234,PDC000234
1403,C3N-03061,PDC000270,PDC000270
1404,C3N-03069,PDC000270,PDC000270
1405,C3N-03070,PDC000204,PDC000204
1406,C3N-03072,PDC000234,PDC000234
1407,C3N-03076,PDC000234,PDC000234
1408,C3N-03086,PDC000270,PDC000270
1409,C3N-03088,PDC000204,PDC000204
1410,C3N-03092,PDC000234,PDC000234
1411,C3N-03093,PDC000234,PDC000234
1412,C3N-03173,PDC000270,PDC000270
1413,C3N-03180,PDC000204,PDC000204
1414,C3N-03182,PDC000204,PDC000204
1415,C3N-03183,PDC000204,PDC000204
1416,C3N-03184,PDC000204,PDC000204
1417,C3N-03186,PDC000204,PDC000204
1418,C3N-03188,PDC000204,PDC000204
1419,C3N-03190,PDC000270,PDC000270
1420,C3N-03204,PDC000234,PDC000234
1421,C3N-03211,PDC000270,PDC000270
1422,C3N-03226,PDC000221,PDC000221
1423,C3N-03415,PDC000439,PDC000439
1424,C3N-03417,PDC000439,PDC000439
1425,C3N-03424,PDC000234,PDC000234
1426,C3N-03425,PDC000234,PDC000234
1427,C3N-03426,PDC000270,PDC000270
1428,C3N-03428,PDC000270,PDC000270
1429,C3N-03430,PDC000270,PDC000270
1430,C3N-03433,PDC000221,PDC000221
1431,C3N-03439,PDC000270,PDC000270
1432,C3N-03440,PDC000270,PDC000270
1433,C3N-03441,PDC000234,PDC000234
1434,C3N-03448,PDC000446,PDC000446
1435,C3N-03449,PDC000446,PDC000446
1436,C3N-03452,PDC000446,PDC000446
1437,C3N-03453,PDC000446,PDC000446
1438,C3N-03456,PDC000221,PDC000221
1439,C3N-03457,PDC000221,PDC000221
1440,C3N-03458,PDC000221,PDC000221
1441,C3N-03473,PDC000204,PDC000204
1442,C3N-03480,PDC000446,PDC000446
1443,C3N-03484,PDC000446,PDC000446
1444,C3N-03486,PDC000234,PDC000234
1445,C3N-03487,PDC000221,PDC000221
1446,C3N-03488,PDC000221,PDC000221
1447,C3N-03490,PDC000221,PDC000221
1448,C3N-03612,PDC000221,PDC000221
1449,C3N-03619,PDC000221,PDC000221
1450,C3N-03620,PDC000221,PDC000221
1451,C3N-03662,PDC000234,PDC000234
1452,C3N-03664,PDC000221,PDC000221
1453,C3N-03665,PDC000270,PDC000270
1454,C3N-03666,PDC000270,PDC000270
1455,C3N-03670,PDC000270,PDC000270
1456,C3N-03754,PDC000270,PDC000270
1457,C3N-03755,PDC000446,PDC000446
1458,C3N-03756,PDC000446,PDC000446
1459,C3N-03757,PDC000446,PDC000446
1460,C3N-03767,PDC000439,PDC000439
1461,C3N-03780,PDC000270,PDC000270
1462,C3N-03781,PDC000221,PDC000221
1463,C3N-03782,PDC000221,PDC000221
1464,C3N-03783,PDC000221,PDC000221
1465,C3N-03785,PDC000221,PDC000221
1466,C3N-03789,PDC000446,PDC000446
1467,C3N-03791,PDC000446,PDC000446
1468,C3N-03792,PDC000446,PDC000446
1469,C3N-03796,PDC000446,PDC000446
1470,C3N-03797,PDC000446,PDC000446
1471,C3N-03800,PDC000446,PDC000446
1472,C3N-03802,PDC000446,PDC000446
1473,C3N-03810,PDC000446,PDC000446
1474,C3N-03837,PDC000221,PDC000221
1475,C3N-03839,PDC000270,PDC000270
1476,C3N-03840,PDC000270,PDC000270
1477,C3N-03841,PDC000221,PDC000221
1478,C3N-03848,PDC000234,PDC000234
1479,C3N-03849,PDC000221,PDC000221
1480,C3N-03851,PDC000234,PDC000234
1481,C3N-03853,PDC000270,PDC000270
1482,C3N-03875,PDC000234,PDC000234
1483,C3N-03876,PDC000221,PDC000221
1484,C3N-03877,PDC000234,PDC000234
1485,C3N-03878,PDC000221,PDC000221
1486,C3N-03880,PDC000234,PDC000234
1487,C3N-03882,PDC000234,PDC000234
1488,C3N-03884,PDC000270,PDC000270
1489,C3N-03886,PDC000234,PDC000234
1490,C3N-03888,PDC000221,PDC000221
1491,C3N-03889,PDC000221,PDC000221
1492,C3N-03928,PDC000221,PDC000221
1493,C3N-03933,PDC000221,PDC000221
1494,C3N-03935,PDC000446,PDC000446
1495,C3N-03939,PDC000446,PDC000446
1496,C3N-04092,PDC000446,PDC000446
1497,C3N-04094,PDC000446,PDC000446
1498,C3N-04097,PDC000446,PDC000446
1499,C3N-04098,PDC000446,PDC000446
1500,C3N-04100,PDC000446,PDC000446
1501,C3N-04113,PDC000446,PDC000446
1502,C3N-04119,PDC000270,PDC000270
1503,C3N-04124,PDC000234,PDC000234
1504,C3N-04126,PDC000270,PDC000270
1505,C3N-04127,PDC000234,PDC000234
1506,C3N-04152,PDC000221,PDC000221
1507,C3N-04155,PDC000234,PDC000234
1508,C3N-04162,PDC000234,PDC000234
1509,C3N-04273,PDC000221,PDC000221
1510,C3N-04275,PDC000221,PDC000221
1511,C3N-04276,PDC000221,PDC000221
1512,C3N-04277,PDC000221,PDC000221
1513,C3N-04278,PDC000221,PDC000221
1514,C3N-04279,PDC000221,PDC000221
1515,C3N-04280,PDC000221,PDC000221
1516,C3N-04282,PDC000270,PDC000270
1517,C3N-04283,PDC000270,PDC000270
1518,C3N-04284,PDC000270,PDC000270
1519,C3N-04312,PDC000446,PDC000446
1520,C3N-04611,PDC000221,PDC000221
1521,C3N-04683,PDC000446,PDC000446
1522,C3N-04686,PDC000446,PDC000446
1523,C3N-04687,PDC000446,PDC000446
1524,C3N-04691,PDC000446,PDC000446
1525,C3N-04693,PDC000446,PDC000446
1526,C3N-04695,PDC000446,PDC000446
1527,C3N-05039,PDC000446,PDC000446
1528,C3N-05114,PDC000446,PDC000446
1529,C3N-05135,PDC000446,PDC000446
1530,C3N-05991,PDC000446,PDC000446
1531,C406761,PDC000180,PDC000180
1532,C41451,PDC000180,PDC000180
1533,C431607,PDC000180,PDC000180
1534,C43542,PDC000180,PDC000180
1535,C440832,PDC000180,PDC000180
1536,C46371,PDC000180,PDC000180
1537,C464694,PDC000446,PDC000446
1538,C46494,PDC000180,PDC000180
1539,C46617,PDC000180,PDC000180
1540,C466170,PDC000180,PDC000180
1541,C466293,PDC000180,PDC000180
1542,C47478,NA,PDC000180
1543,C476010,PDC000180,PDC000180
1544,C47724,PDC000180,PDC000180
1545,C48216,PDC000180,PDC000180
1546,C50553,PDC000180,PDC000180
1547,C50799,PDC000180,PDC000180
1548,C524349,PDC000180,PDC000180
1549,C53013,PDC000180,PDC000180
1550,C53382,PDC000180,PDC000180
1551,C56826,PDC000180,PDC000180
1552,C579945,PDC000180,PDC000180
1553,C580068,PDC000180,PDC000180
1554,C58056,PDC000180,PDC000180
1555,C58179,PDC000180,PDC000180
1556,C584373,PDC000180,PDC000180
1557,C584496,PDC000180,PDC000180
1558,C584742,PDC000180,PDC000180
1559,C584865,PDC000180,PDC000180
1560,C58917,PDC000180,PDC000180
1561,C59409,PDC000180,PDC000180
1562,C59532,PDC000180,PDC000180
1563,C60024,PDC000180,PDC000180
1564,C607743,PDC000180,PDC000180
1565,C623856,PDC000180,PDC000180
1566,C62484,PDC000180,PDC000180
1567,C625947,PDC000180,PDC000180
1568,C626070,PDC000180,PDC000180
1569,C626193,PDC000180,PDC000180
1570,C62730,PDC000180,PDC000180
1571,C650178,PDC000180,PDC000180
1572,C65559,PDC000180,PDC000180
1573,C663585,PDC000180,PDC000180
1574,C66420,PDC000180,PDC000180
1575,C68388,PDC000180,PDC000180
1576,C68634,PDC000180,PDC000180
1577,C686955,PDC000180,PDC000180
1578,C692613,PDC000180,PDC000180
1579,C699624,PDC000180,PDC000180
1580,C70602,PDC000180,PDC000180
1581,C70848,NA,PDC000180
1582,C70971,PDC000180,PDC000180
1583,C71094,PDC000180,PDC000180
1584,C714384,PDC000180,PDC000180
1585,C71586,PDC000180,PDC000180
1586,C717336,PDC000180,PDC000180
1587,C720165,PDC000180,PDC000180
1588,C722502,PDC000180,PDC000180
1589,C72324,PDC000180,PDC000180
1590,C72570,PDC000180,PDC000180
1591,C73062,PDC000180,PDC000180
1592,C73308,PDC000180,PDC000180
1593,C736401,PDC000180,PDC000180
1594,C74292,PDC000180,PDC000180
1595,C744888,PDC000180,PDC000180
1596,C745011,PDC000180,PDC000180
1597,C75276,PDC000180,PDC000180
1598,C75522,PDC000180,PDC000180
1599,C760878,PDC000446,PDC000446
1600,C761370,PDC000446,PDC000446
1601,C77367,PDC000180,PDC000180
1602,C78597,PDC000180,PDC000180
1603,C78966,PDC000180,PDC000180
1604,C794457,PDC000180,PDC000180
1605,C801468,PDC000180,PDC000180
1606,C808110,PDC000180,PDC000180
1607,C818688,PDC000180,PDC000180
1608,C82041,PDC000180,PDC000180
1609,C82164,PDC000180,PDC000180
1610,C827913,NA,PDC000446
1611,C829512,PDC000180,PDC000180
1612,C831849,PDC000180,PDC000180
1613,C837507,PDC000180,PDC000180
1614,C841320,PDC000180,PDC000180
1615,C846363,PDC000446,PDC000446
1616,C84747,PDC000180,PDC000180
1617,C85731,PDC000180,PDC000180
1618,C857433,PDC000180,PDC000180
1619,C86100,PDC000180,PDC000180
1620,C881049,PDC000180,PDC000180
1621,C88314,PDC000180,PDC000180
1622,C883509,PDC000180,PDC000180
1623,C883632,PDC000180,PDC000180
1624,C883755,NA,PDC000180
1625,C88683,PDC000180,PDC000180
1626,C88806,PDC000180,PDC000180
1627,C907125,PDC000180,PDC000180
1628,C907371,PDC000180,PDC000180
1629,C907617,PDC000180,PDC000180
1630,C916473,PDC000180,PDC000180
1631,C91881,PDC000180,PDC000180
1632,C94956,PDC000180,PDC000180
1633,C949929,PDC000180,PDC000180
1634,C95079,PDC000180,PDC000180
1635,C952635,PDC000180,PDC000180
1636,C96063,NA,PDC000180
1637,C96186,PDC000180,PDC000180
1638,C98031,PDC000180,PDC000180
1639,C99753,NA,PDC000180
1640,GAS_1,NA,PDC000214
1641,GAS_10,NA,PDC000214
1642,GAS_11,NA,PDC000214
1643,GAS_12,NA,PDC000214
1644,GAS_13,NA,PDC000214
1645,GAS_14,PDC000214,PDC000214
1646,GAS_15,NA,PDC000214
1647,GAS_16,PDC000214,PDC000214
1648,GAS_17,NA,PDC000214
1649,GAS_18,PDC000214,PDC000214
1650,GAS_19,NA,PDC000214
1651,GAS_2,NA,PDC000214
1652,GAS_20,NA,PDC000214
1653,GAS_21,NA,PDC000214
1654,GAS_22,PDC000214,PDC000214
1655,GAS_23,NA,PDC000214
1656,GAS_24,PDC000214,PDC000214
1657,GAS_25,NA,PDC000214
1658,GAS_26,PDC000214,PDC000214
1659,GAS_27,NA,PDC000214
1660,GAS_28,PDC000214,PDC000214
1661,GAS_29,NA,PDC000214
1662,GAS_3,NA,PDC000214
1663,GAS_30,PDC000214,PDC000214
1664,GAS_31,NA,PDC000214
1665,GAS_32,PDC000214,PDC000214
1666,GAS_33,NA,PDC000214
1667,GAS_34,PDC000214,PDC000214
1668,GAS_35,NA,PDC000214
1669,GAS_36,PDC000214,PDC000214
1670,GAS_37,NA,PDC000214
1671,GAS_38,PDC000214,PDC000214
1672,GAS_39,NA,PDC000214
1673,GAS_4,NA,PDC000214
1674,GAS_40,PDC000214,PDC000214
1675,GAS_41,NA,PDC000214
1676,GAS_42,PDC000214,PDC000214
1677,GAS_43,NA,PDC000214
1678,GAS_44,PDC000214,PDC000214
1679,GAS_45,NA,PDC000214
1680,GAS_46,PDC000214,PDC000214
1681,GAS_47,NA,PDC000214
1682,GAS_48,NA,PDC000214
1683,GAS_49,NA,PDC000214
1684,GAS_5,NA,PDC000214
1685,GAS_50,NA,PDC000214
1686,GAS_51,NA,PDC000214
1687,GAS_52,NA,PDC000214
1688,GAS_53,NA,PDC000214
1689,GAS_54,PDC000214,PDC000214
1690,GAS_55,NA,PDC000214
1691,GAS_56,PDC000214,PDC000214
1692,GAS_57,NA,PDC000214
1693,GAS_58,NA,PDC000214
1694,GAS_59,NA,PDC000214
1695,GAS_6,NA,PDC000214
1696,GAS_60,PDC000214,PDC000214
1697,GAS_61,NA,PDC000214
1698,GAS_62,PDC000214,PDC000214
1699,GAS_63,NA,PDC000214
1700,GAS_64,PDC000214,PDC000214
1701,GAS_65,NA,PDC000214
1702,GAS_66,PDC000214,PDC000214
1703,GAS_67,NA,PDC000214
1704,GAS_68,PDC000214,PDC000214
1705,GAS_69,NA,PDC000214
1706,GAS_7,NA,PDC000214
1707,GAS_70,NA,PDC000214
1708,GAS_71,NA,PDC000214
1709,GAS_72,NA,PDC000214
1710,GAS_73,NA,PDC000214
1711,GAS_74,NA,PDC000214
1712,GAS_75,NA,PDC000214
1713,GAS_76,NA,PDC000214
1714,GAS_77,NA,PDC000214
1715,GAS_78,NA,PDC000214
1716,GAS_79,NA,PDC000214
1717,GAS_8,NA,PDC000214
1718,GAS_80,NA,PDC000214
1719,GAS_9,NA,PDC000214
1720,HCC_1,NA,PDC000198
1721,HCC_10,NA,PDC000198
1722,HCC_100,NA,PDC000198
1723,HCC_101,NA,PDC000198
1724,HCC_102,NA,PDC000198
1725,HCC_103,NA,PDC000198
1726,HCC_104,NA,PDC000198
1727,HCC_105,NA,PDC000198
1728,HCC_106,NA,PDC000198
1729,HCC_107,NA,PDC000198
1730,HCC_108,NA,PDC000198
1731,HCC_109,NA,PDC000198
1732,HCC_11,NA,PDC000198
1733,HCC_110,NA,PDC000198
1734,HCC_111,NA,PDC000198
1735,HCC_112,NA,PDC000198
1736,HCC_113,NA,PDC000198
1737,HCC_114,NA,PDC000198
1738,HCC_115,NA,PDC000198
1739,HCC_116,NA,PDC000198
1740,HCC_117,NA,PDC000198
1741,HCC_118,NA,PDC000198
1742,HCC_119,NA,PDC000198
1743,HCC_12,NA,PDC000198
1744,HCC_120,NA,PDC000198
1745,HCC_121,NA,PDC000198
1746,HCC_122,NA,PDC000198
1747,HCC_123,NA,PDC000198
1748,HCC_124,NA,PDC000198
1749,HCC_125,NA,PDC000198
1750,HCC_126,NA,PDC000198
1751,HCC_127,NA,PDC000198
1752,HCC_128,NA,PDC000198
1753,HCC_129,NA,PDC000198
1754,HCC_13,NA,PDC000198
1755,HCC_130,NA,PDC000198
1756,HCC_131,NA,PDC000198
1757,HCC_132,NA,PDC000198
1758,HCC_133,NA,PDC000198
1759,HCC_134,NA,PDC000198
1760,HCC_135,NA,PDC000198
1761,HCC_136,NA,PDC000198
1762,HCC_137,NA,PDC000198
1763,HCC_138,NA,PDC000198
1764,HCC_139,NA,PDC000198
1765,HCC_14,NA,PDC000198
1766,HCC_140,NA,PDC000198
1767,HCC_141,NA,PDC000198
1768,HCC_142,NA,PDC000198
1769,HCC_143,NA,PDC000198
1770,HCC_144,NA,PDC000198
1771,HCC_145,NA,PDC000198
1772,HCC_146,NA,PDC000198
1773,HCC_147,NA,PDC000198
1774,HCC_148,NA,PDC000198
1775,HCC_149,NA,PDC000198
1776,HCC_15,NA,PDC000198
1777,HCC_150,NA,PDC000198
1778,HCC_151,NA,PDC000198
1779,HCC_152,NA,PDC000198
1780,HCC_153,NA,PDC000198
1781,HCC_154,NA,PDC000198
1782,HCC_155,NA,PDC000198
1783,HCC_156,NA,PDC000198
1784,HCC_157,NA,PDC000198
1785,HCC_158,NA,PDC000198
1786,HCC_159,NA,PDC000198
1787,HCC_16,NA,PDC000198
1788,HCC_160,NA,PDC000198
1789,HCC_17,NA,PDC000198
1790,HCC_18,NA,PDC000198
1791,HCC_19,NA,PDC000198
1792,HCC_2,NA,PDC000198
1793,HCC_20,NA,PDC000198
1794,HCC_21,NA,PDC000198
1795,HCC_213,NA,PDC000198
1796,HCC_22,NA,PDC000198
1797,HCC_23,NA,PDC000198
1798,HCC_24,NA,PDC000198
1799,HCC_25,NA,PDC000198
1800,HCC_26,NA,PDC000198
1801,HCC_27,NA,PDC000198
1802,HCC_28,NA,PDC000198
1803,HCC_29,NA,PDC000198
1804,HCC_3,NA,PDC000198
1805,HCC_30,NA,PDC000198
1806,HCC_31,NA,PDC000198
1807,HCC_32,NA,PDC000198
1808,HCC_33,NA,PDC000198
1809,HCC_34,NA,PDC000198
1810,HCC_35,NA,PDC000198
1811,HCC_351,NA,PDC000198
1812,HCC_36,NA,PDC000198
1813,HCC_37,NA,PDC000198
1814,HCC_38,NA,PDC000198
1815,HCC_39,NA,PDC000198
1816,HCC_4,NA,PDC000198
1817,HCC_40,NA,PDC000198
1818,HCC_41,NA,PDC000198
1819,HCC_42,NA,PDC000198
1820,HCC_43,NA,PDC000198
1821,HCC_44,NA,PDC000198
1822,HCC_447,NA,PDC000198
1823,HCC_45,NA,PDC000198
1824,HCC_46,NA,PDC000198
1825,HCC_47,NA,PDC000198
1826,HCC_48,NA,PDC000198
1827,HCC_49,NA,PDC000198
1828,HCC_5,NA,PDC000198
1829,HCC_50,NA,PDC000198
1830,HCC_51,NA,PDC000198
1831,HCC_52,NA,PDC000198
1832,HCC_53,NA,PDC000198
1833,HCC_535,NA,PDC000198
1834,HCC_54,NA,PDC000198
1835,HCC_55,NA,PDC000198
1836,HCC_56,NA,PDC000198
1837,HCC_57,NA,PDC000198
1838,HCC_58,NA,PDC000198
1839,HCC_59,NA,PDC000198
1840,HCC_6,NA,PDC000198
1841,HCC_60,NA,PDC000198
1842,HCC_61,NA,PDC000198
1843,HCC_62,NA,PDC000198
1844,HCC_63,NA,PDC000198
1845,HCC_64,NA,PDC000198
1846,HCC_65,NA,PDC000198
1847,HCC_66,NA,PDC000198
1848,HCC_67,NA,PDC000198
1849,HCC_68,NA,PDC000198
1850,HCC_69,NA,PDC000198
1851,HCC_697,NA,PDC000198
1852,HCC_7,NA,PDC000198
1853,HCC_70,NA,PDC000198
1854,HCC_71,NA,PDC000198
1855,HCC_72,NA,PDC000198
1856,HCC_73,NA,PDC000198
1857,HCC_74,NA,PDC000198
1858,HCC_75,NA,PDC000198
1859,HCC_76,NA,PDC000198
1860,HCC_77,NA,PDC000198
1861,HCC_78,NA,PDC000198
1862,HCC_79,NA,PDC000198
1863,HCC_8,NA,PDC000198
1864,HCC_80,NA,PDC000198
1865,HCC_81,NA,PDC000198
1866,HCC_82,NA,PDC000198
1867,HCC_83,NA,PDC000198
1868,HCC_84,NA,PDC000198
1869,HCC_85,NA,PDC000198
1870,HCC_86,NA,PDC000198
1871,HCC_87,NA,PDC000198
1872,HCC_88,NA,PDC000198
1873,HCC_89,NA,PDC000198
1874,HCC_9,NA,PDC000198
1875,HCC_90,NA,PDC000198
1876,HCC_91,NA,PDC000198
1877,HCC_92,NA,PDC000198
1878,HCC_93,NA,PDC000198
1879,HCC_94,NA,PDC000198
1880,HCC_95,NA,PDC000198
1881,HCC_96,NA,PDC000198
1882,HCC_97,NA,PDC000198
1883,HCC_98,NA,PDC000198
1884,HCC_99,NA,PDC000198
1885,KNCC_GBM0001,NA,PDC000514
1886,KNCC_GBM0002,NA,PDC000514
1887,KNCC_GBM0003,NA,PDC000514
1888,KNCC_GBM0004,NA,PDC000514
1889,KNCC_GBM0005,NA,PDC000514
1890,KNCC_GBM0006,NA,PDC000514
1891,KNCC_GBM0007,NA,PDC000514
1892,KNCC_GBM0008,NA,PDC000514
1893,KNCC_GBM0009,NA,PDC000514
1894,KNCC_GBM0010,NA,PDC000514
1895,KNCC_GBM0011,NA,PDC000514
1896,KNCC_GBM0012,NA,PDC000514
1897,KNCC_GBM0013,NA,PDC000514
1898,KNCC_GBM0014,NA,PDC000514
1899,KNCC_GBM0015,NA,PDC000514
1900,KNCC_GBM0016,NA,PDC000514
1901,KNCC_GBM0017,NA,PDC000514
1902,KNCC_GBM0018,NA,PDC000514
1903,KNCC_GBM0019,NA,PDC000514
1904,KNCC_GBM0020,NA,PDC000514
1905,KNCC_GBM0021,NA,PDC000514
1906,KNCC_GBM0022,NA,PDC000514
1907,KNCC_GBM0023,NA,PDC000514
1908,KNCC_GBM0024,NA,PDC000514
1909,KNCC_GBM0025,NA,PDC000514
1910,KNCC_GBM0026,NA,PDC000514
1911,KNCC_GBM0027,NA,PDC000514
1912,KNCC_GBM0028,NA,PDC000514
1913,KNCC_GBM0029,NA,PDC000514
1914,KNCC_GBM0030,NA,PDC000514
1915,KNCC_GBM0031,NA,PDC000514
1916,KNCC_GBM0032,NA,PDC000514
1917,KNCC_GBM0033,NA,PDC000514
1918,KNCC_GBM0034,NA,PDC000514
1919,KNCC_GBM0035,NA,PDC000514
1920,KNCC_GBM0036,NA,PDC000514
1921,KNCC_GBM0037,NA,PDC000514
1922,KNCC_GBM0038,NA,PDC000514
1923,KNCC_GBM0039,NA,PDC000514
1924,KNCC_GBM0040,NA,PDC000514
1925,KNCC_GBM0041,NA,PDC000514
1926,KNCC_GBM0043,NA,PDC000514
1927,KNCC_GBM0044,NA,PDC000514
1928,KNCC_GBM0045,NA,PDC000514
1929,KNCC_GBM0046,NA,PDC000514
1930,KNCC_GBM0047,NA,PDC000514
1931,KNCC_GBM0048,NA,PDC000514
1932,KNCC_GBM0049,NA,PDC000514
1933,KNCC_GBM0050,NA,PDC000514
1934,KNCC_GBM0051,NA,PDC000514
1935,KNCC_GBM0052,NA,PDC000514
1936,KNCC_GBM0053,NA,PDC000514
1937,KNCC_GBM0054,NA,PDC000514
1938,KNCC_GBM0055,NA,PDC000514
1939,KNCC_GBM0056,NA,PDC000514
1940,KNCC_GBM0057,NA,PDC000514
1941,KNCC_GBM0058,NA,PDC000514
1942,KNCC_GBM0059,NA,PDC000514
1943,KNCC_GBM0060,NA,PDC000514
1944,KNCC_GBM0061,NA,PDC000514
1945,KNCC_GBM0062,NA,PDC000514
1946,KNCC_GBM0063,NA,PDC000514
1947,KNCC_GBM0064,NA,PDC000514
1948,KNCC_GBM0065,NA,PDC000514
1949,KNCC_GBM0066,NA,PDC000514
1950,KNCC_GBM0067,NA,PDC000514
1951,KNCC_GBM0068,NA,PDC000514
1952,KNCC_GBM0069,NA,PDC000514
1953,KNCC_GBM0070,NA,PDC000514
1954,KNCC_GBM0071,NA,PDC000514
1955,KNCC_GBM0072,NA,PDC000514
1956,KNCC_GBM0073,NA,PDC000514
1957,KNCC_GBM0074,NA,PDC000514
1958,KNCC_GBM0075,NA,PDC000514
1959,KNCC_GBM0082,NA,PDC000514
1960,KNCC_GBM0083,NA,PDC000514
1961,KNCC_GBM0084,NA,PDC000514
1962,KNCC_GBM0086,NA,PDC000514
1963,KNCC_GBM0088,NA,PDC000514
1964,KNCC_GBM0091,NA,PDC000514
1965,KNCC_GBM0092,NA,PDC000514
1966,KNCC_GBM0093,NA,PDC000514
1967,KNCC_GBM0094,NA,PDC000514
1968,KNCC_GBM0095,NA,PDC000514
1969,KNCC_GBM0096,NA,PDC000514
1970,KNCC_GBM0097,NA,PDC000514
1971,KNCC_GBM0098,NA,PDC000514
1972,KNCC_GBM0099,NA,PDC000514
1973,KNCC_GBM0100,NA,PDC000514
1974,KNCC_GBM0102,NA,PDC000514
1975,KNCC_GBM0103,NA,PDC000514
1976,KNCC_GBM0105,NA,PDC000514
1977,KNCC_GBM0106,NA,PDC000514
1978,KNCC_GBM0107,NA,PDC000514
1979,KNCC_GBM0110,NA,PDC000514
1980,KNCC_GBM0111,NA,PDC000514
1981,KNCC_GBM0112,NA,PDC000514
1982,KNCC_GBM0113,NA,PDC000514
1983,KNCC_GBM0114,NA,PDC000514
1984,KNCC_GBM0115,NA,PDC000514
1985,KNCC_GBM0116,NA,PDC000514
1986,KNCC_GBM0117,NA,PDC000514
1987,KNCC_GBM0118,NA,PDC000514
1988,KNCC_GBM0119,NA,PDC000514
1989,KNCC_GBM0120,NA,PDC000514
1990,KNCC_GBM0121,NA,PDC000514
1991,KNCC_GBM0122,NA,PDC000514
1992,KNCC_GBM0123,NA,PDC000514
1993,OCK001,NA,PDC000519
1994,OCK002,NA,PDC000519
1995,OCK005,NA,PDC000519
1996,OCK006,NA,PDC000519
1997,OCK007,NA,PDC000519
1998,OCK008,NA,PDC000519
1999,OCK011,NA,PDC000519
2000,OCK012,NA,PDC000519
2001,OCL006,NA,PDC000519
2002,OCL007,NA,PDC000519
2003,OCL008,NA,PDC000519
2004,OCL010,NA,PDC000519
2005,OCL011,NA,PDC000519
2006,OCL013,NA,PDC000519
2007,OCL015,NA,PDC000519
2008,OCL016,NA,PDC000519
2009,OCL019,NA,PDC000519
2010,OCL020,NA,PDC000519
2011,OCL021,NA,PDC000519
2012,OCL022,NA,PDC000519
2013,OCL023,NA,PDC000519
2014,OCL024,NA,PDC000519
2015,OCL025,NA,PDC000519
2016,OCL026,NA,PDC000519
2017,OCL028,NA,PDC000519
2018,OCL029,NA,PDC000519
2019,OCL031,NA,PDC000519
2020,OCL032,NA,PDC000519
2021,OCL033,NA,PDC000519
2022,OCL034,NA,PDC000519
2023,OCL035,NA,PDC000519
2024,OCL036,NA,PDC000519
2025,OCL037,NA,PDC000519
2026,OCL039,NA,PDC000519
2027,OCL040,NA,PDC000519
2028,OCL041,NA,PDC000519
2029,OCL042,NA,PDC000519
2030,OCL043,NA,PDC000519
2031,OCL044,NA,PDC000519
2032,OCL045,NA,PDC000519
2033,OCL049,NA,PDC000519
2034,OCL050,NA,PDC000519
2035,OCL051,NA,PDC000519
2036,OCL052,NA,PDC000519
2037,OCL053,NA,PDC000519
2038,OCL056,NA,PDC000519
2039,OCL059,NA,PDC000519
2040,OCL060,NA,PDC000519
2041,OCL061,NA,PDC000519
2042,OCL062,NA,PDC000519
2043,OCL063,NA,PDC000519
2044,OCL064,NA,PDC000519
2045,OCL068,NA,PDC000519
2046,OCL071,NA,PDC000519
2047,OCL072,NA,PDC000519
2048,OCL073,NA,PDC000519
2049,OCL086,NA,PDC000519
2050,OCL087,NA,PDC000519
2051,OCL088,NA,PDC000519
2052,OCL090,NA,PDC000519
2053,OCL091,NA,PDC000519
2054,OCL092,NA,PDC000519
2055,OCL095,NA,PDC000519
2056,OCL096,NA,PDC000519
2057,OCM001,NA,PDC000519
2058,OCM006,NA,PDC000519
2059,OCM008,NA,PDC000519
2060,OCM009,NA,PDC000519
2061,OCM010,NA,PDC000519
2062,OCM011,NA,PDC000519
2063,OCM012,NA,PDC000519
2064,OCM013,NA,PDC000519
2065,OCM019,NA,PDC000519
2066,OCM020,NA,PDC000519
2067,OCM022,NA,PDC000519
2068,OCM023,NA,PDC000519
2069,OCM024,NA,PDC000519
2070,OCM025,NA,PDC000519
2071,OCM027,NA,PDC000519
2072,OCM028,NA,PDC000519
2073,OCM029,NA,PDC000519
2074,OCM039,NA,PDC000519
2075,OCM046,NA,PDC000519
2076,P002,NA,PDC000219
2077,P004,NA,PDC000219
2078,P005,NA,PDC000219
2079,P006,NA,PDC000219
2080,P007,NA,PDC000219
2081,P009,NA,PDC000219
2082,P010,NA,PDC000219
2083,P011,NA,PDC000219
2084,P012,NA,PDC000219
2085,P013,NA,PDC000219
2086,P015,NA,PDC000219
2087,P016,NA,PDC000219
2088,P017,NA,PDC000219
2089,P018,NA,PDC000219
2090,P019,NA,PDC000219
2091,P020,NA,PDC000219
2092,P021,NA,PDC000219
2093,P022,NA,PDC000219
2094,P023,NA,PDC000219
2095,P024,NA,PDC000219
2096,P025,NA,PDC000219
2097,P026,NA,PDC000219
2098,P027,NA,PDC000219
2099,P028,NA,PDC000219
2100,P029,NA,PDC000219
2101,P030,NA,PDC000219
2102,P031,NA,PDC000219
2103,P032,NA,PDC000219
2104,P033,NA,PDC000219
2105,P034,NA,PDC000219
2106,P035,NA,PDC000219
2107,P036,NA,PDC000219
2108,P037,NA,PDC000219
2109,P038,NA,PDC000219
2110,P039,NA,PDC000219
2111,P040,NA,PDC000219
2112,P041,NA,PDC000219
2113,P042,NA,PDC000219
2114,P043,NA,PDC000219
2115,P044,NA,PDC000219
2116,P045,NA,PDC000219
2117,P046,NA,PDC000219
2118,P047,NA,PDC000219
2119,P048,NA,PDC000219
2120,P049,NA,PDC000219
2121,P050,NA,PDC000219
2122,P051,NA,PDC000219
2123,P052,NA,PDC000219
2124,P053,NA,PDC000219
2125,P054,NA,PDC000219
2126,P055,NA,PDC000219
2127,P056,NA,PDC000219
2128,P057,NA,PDC000219
2129,P058,NA,PDC000219
2130,P059,NA,PDC000219
2131,P060,NA,PDC000219
2132,P061,NA,PDC000219
2133,P062,NA,PDC000219
2134,P063,NA,PDC000219
2135,P064,NA,PDC000219
2136,P066,NA,PDC000219
2137,P067,NA,PDC000219
2138,P068,NA,PDC000219
2139,P069,NA,PDC000219
2140,P070,NA,PDC000219
2141,P071,NA,PDC000219
2142,P072,NA,PDC000219
2143,P073,NA,PDC000219
2144,P074,NA,PDC000219
2145,P075,NA,PDC000219
2146,P076,NA,PDC000219
2147,P077,NA,PDC000219
2148,P078,NA,PDC000219
2149,P079,NA,PDC000219
2150,P080,NA,PDC000219
2151,P081,NA,PDC000219
2152,P082,NA,PDC000219
2153,P083,NA,PDC000219
2154,P084,NA,PDC000219
2155,P085,NA,PDC000219
2156,P086,NA,PDC000219
2157,P087,NA,PDC000219
2158,P088,NA,PDC000219
2159,P089,NA,PDC000219
2160,P090,NA,PDC000219
2161,P091,NA,PDC000219
2162,P092,NA,PDC000219
2163,P093,NA,PDC000219
2164,P094,NA,PDC000219
2165,P095,NA,PDC000219
2166,P096,NA,PDC000219
2167,P097,NA,PDC000219
2168,P098,NA,PDC000219
2169,P099,NA,PDC000219
2170,P100,NA,PDC000219
2171,P101,NA,PDC000219
2172,P102,NA,PDC000219
2173,P103,NA,PDC000219
2174,P104,NA,PDC000219
2175,P109,NA,PDC000219
2176,P110,NA,PDC000219
2177,P111,NA,PDC000219
2178,P112,NA,PDC000219
2179,PDAC005,PDC000248,PDC000248
2180,PDAC006,PDC000248,PDC000248
2181,PDAC007,PDC000248,PDC000248
2182,PDAC010,PDC000248,PDC000248
2183,PDAC011,PDC000248,PDC000248
2184,PDAC012,PDC000248,PDC000248
2185,PDAC013,PDC000248,PDC000248
2186,PDAC015,PDC000248,PDC000248
2187,PDAC016,PDC000248,PDC000248
2188,PDAC018,PDC000248,PDC000248
2189,PDAC019,PDC000248,PDC000248
2190,PDAC020,PDC000248,PDC000248
2191,PDAC021,PDC000248,PDC000248
2192,PDAC022,PDC000248,PDC000248
2193,PDAC023,PDC000248,PDC000248
2194,PDAC024,PDC000248,PDC000248
2195,PDAC025,PDC000248,PDC000248
2196,PDAC029,PDC000248,PDC000248
2197,PDAC030,PDC000248,PDC000248
2198,PDAC031,PDC000248,PDC000248
2199,PDAC037,PDC000248,PDC000248
2200,PDAC041,PDC000248,PDC000248
2201,PDAC042,PDC000248,PDC000248
2202,PDAC043,PDC000248,PDC000248
2203,PDAC044,PDC000248,PDC000248
2204,PDAC045,PDC000248,PDC000248
2205,PDAC047,PDC000248,PDC000248
2206,PDAC048,PDC000248,PDC000248
2207,PDAC049,PDC000248,PDC000248
2208,PDAC050,PDC000248,PDC000248
2209,PDAC051,PDC000248,PDC000248
2210,PDAC055,PDC000248,PDC000248
2211,PDAC056,PDC000248,PDC000248
2212,PDAC057,PDC000248,PDC000248
2213,PDAC058,PDC000248,PDC000248
2214,PDAC061,PDC000248,PDC000248
2215,PDAC063,PDC000248,PDC000248
2216,PDAC064,PDC000248,PDC000248
2217,PDAC067,PDC000248,PDC000248
2218,PDAC073,PDC000248,PDC000248
2219,PDAC074,PDC000248,PDC000248
2220,PDAC075,PDC000248,PDC000248
2221,PDAC076,PDC000248,PDC000248
2222,PDAC078,PDC000248,PDC000248
2223,PDAC080,PDC000248,PDC000248
2224,PDAC082,PDC000248,PDC000248
2225,PDAC083,PDC000248,PDC000248
2226,PDAC085,PDC000248,PDC000248
2227,PDAC087,PDC000248,PDC000248
2228,PDAC093,PDC000248,PDC000248
2229,PDAC096,PDC000248,PDC000248
2230,PDAC097,PDC000248,PDC000248
2231,PDAC098,PDC000248,PDC000248
2232,PDAC101,PDC000248,PDC000248
2233,PDAC102,PDC000248,PDC000248
2234,PDAC106,PDC000248,PDC000248
2235,PDAC107,PDC000248,PDC000248
2236,PDAC110,PDC000248,PDC000248
2237,PDAC112,PDC000248,PDC000248
2238,PDAC113,PDC000248,PDC000248
2239,PDAC114,PDC000248,PDC000248
2240,PDAC116,PDC000248,PDC000248
2241,PDAC117,PDC000248,PDC000248
2242,PDAC124,PDC000248,PDC000248
2243,PDAC126,PDC000248,PDC000248
2244,PDAC129,PDC000248,PDC000248
2245,PDAC130,PDC000248,PDC000248
2246,PDAC132,PDC000248,PDC000248
2247,PDAC134,PDC000248,PDC000248
2248,PDAC135,PDC000248,PDC000248
2249,PDAC136,PDC000248,PDC000248
2250,PDAC137,PDC000248,PDC000248
2251,PDAC138,PDC000248,PDC000248
2252,PDAC139,PDC000248,PDC000248
2253,PDAC144,PDC000248,PDC000248
2254,PDAC151,PDC000248,PDC000248
2255,PDAC152,PDC000248,PDC000248
2256,PDAC154,PDC000248,PDC000248
2257,PDAC156,PDC000248,PDC000248
2258,PDAC158,PDC000248,PDC000248
2259,PDAC159,PDC000248,PDC000248
2260,PDAC160,PDC000248,PDC000248
2261,PDAC167,PDC000248,PDC000248
2262,PDAC168,PDC000248,PDC000248
2263,PDAC169,PDC000248,PDC000248
2264,PDAC170,PDC000248,PDC000248
2265,PDAC173,PDC000248,PDC000248
2266,PDAC174,PDC000248,PDC000248
2267,PDAC178,PDC000248,PDC000248
2268,PDAC179,PDC000248,PDC000248
2269,PDAC180,PDC000248,PDC000248
2270,PDAC183,PDC000248,PDC000248
2271,PDAC185,PDC000248,PDC000248
2272,PDAC186,PDC000248,PDC000248
2273,PDAC189,PDC000248,PDC000248
2274,PDAC192,PDC000248,PDC000248
2275,PDAC193,PDC000248,PDC000248
2276,PDAC195,PDC000248,PDC000248
2277,PDAC196,PDC000248,PDC000248
2278,PDAC198,PDC000248,PDC000248
2279,PDAC199,PDC000248,PDC000248
2280,PDAC205,PDC000248,PDC000248
2281,PDAC209,PDC000248,PDC000248
2282,PDAC211,PDC000248,PDC000248
2283,PDAC213,PDC000248,PDC000248
2284,PDAC221,PDC000248,PDC000248
2285,PDAC223,PDC000248,PDC000248
2286,PDAC226,PDC000248,PDC000248
2287,PDAC228,PDC000248,PDC000248
2288,PDAC229,PDC000248,PDC000248
2289,PDAC232,PDC000248,PDC000248
2290,PDAC233,PDC000248,PDC000248
2291,PDAC234,PDC000248,PDC000248
2292,PDAC236,PDC000248,PDC000248
2293,PDAC239,PDC000248,PDC000248
2294,PDAC240,PDC000248,PDC000248
2295,PDAC241,PDC000248,PDC000248
2296,PDAC245,PDC000248,PDC000248
2297,PDAC247,PDC000248,PDC000248
2298,PDAC249,PDC000248,PDC000248
2299,PDAC250,PDC000248,PDC000248
2300,PDAC251,PDC000248,PDC000248
2301,PDAC252,PDC000248,PDC000248
2302,PDAC253,PDC000248,PDC000248
2303,PDAC254,PDC000248,PDC000248
2304,PDAC255,PDC000248,PDC000248
2305,PDAC256,PDC000248,PDC000248
2306,PDAC257,PDC000248,PDC000248
2307,PDAC258,PDC000248,PDC000248
2308,PDAC260,PDC000248,PDC000248
2309,PDAC262,PDC000248,PDC000248
2310,PDAC263,PDC000248,PDC000248
2311,PDAC264,PDC000248,PDC000248
2312,PDAC265,PDC000248,PDC000248
2313,PDAC266,PDC000248,PDC000248
2314,PDAC267,PDC000248,PDC000248
2315,PDAC268,PDC000248,PDC000248
2316,PDAC269,PDC000248,PDC000248
2317,PDAC270,PDC000248,PDC000248
2318,PDAC271,PDC000248,PDC000248
2319,PDAC272,PDC000248,PDC000248
2320,PDAC273,PDC000248,PDC000248
2321,PDAC274,PDC000248,PDC000248
2322,PDAC276,PDC000248,PDC000248
2323,PDAC277,PDC000248,PDC000248
2324,PDAC278,PDC000248,PDC000248
2325,PDAC279,PDC000248,PDC000248
2326,PDAC280,PDC000248,PDC000248
2327,PDAC281,PDC000248,PDC000248
2328,PDAC283,PDC000248,PDC000248
2329,TCGA-09-1664,NA,PDC000113
2330,TCGA-09-2056,PDC000113,PDC000113
2331,TCGA-13-1404,PDC000113,PDC000113
2332,TCGA-13-1409,PDC000113,PDC000113
2333,TCGA-13-1410,PDC000113,PDC000113
2334,TCGA-13-1482,PDC000113,PDC000113
2335,TCGA-13-1483,PDC000113,PDC000113
2336,TCGA-13-1485,PDC000113,PDC000113
2337,TCGA-13-1487,PDC000113,PDC000113
2338,TCGA-13-1488,PDC000113,PDC000113
2339,TCGA-13-1489,PDC000113,PDC000113
2340,TCGA-13-1492,PDC000113,PDC000113
2341,TCGA-13-1494,NA,PDC000113
2342,TCGA-13-1497,PDC000113,PDC000113
2343,TCGA-13-1500,NA,PDC000113
2344,TCGA-13-1501,PDC000113,PDC000113
2345,TCGA-13-1504,NA,PDC000113
2346,TCGA-13-1507,PDC000113,PDC000113
2347,TCGA-13-1511,PDC000113,PDC000113
2348,TCGA-13-2059,NA,PDC000113
2349,TCGA-13-2060,PDC000113,PDC000113
2350,TCGA-13-2061,NA,PDC000113
2351,TCGA-13-2065,NA,PDC000113
2352,TCGA-13-2066,NA,PDC000113
2353,TCGA-23-1121,NA,PDC000113
2354,TCGA-23-1122,PDC000113,PDC000113
2355,TCGA-24-1103,PDC000113,PDC000113
2356,TCGA-24-1416,PDC000113,PDC000113
2357,TCGA-24-1422,PDC000113,PDC000113
2358,TCGA-24-1430,PDC000113,PDC000113
2359,TCGA-24-1431,PDC000113,PDC000113
2360,TCGA-24-1435,PDC000113,PDC000113
2361,TCGA-24-1436,PDC000113,PDC000113
2362,TCGA-24-1464,PDC000113,PDC000113
2363,TCGA-24-1474,PDC000113,PDC000113
2364,TCGA-24-1544,PDC000113,PDC000113
2365,TCGA-24-1548,PDC000113,PDC000113
2366,TCGA-24-1553,PDC000113,PDC000113
2367,TCGA-24-1555,PDC000113,PDC000113
2368,TCGA-24-1557,PDC000113,PDC000113
2369,TCGA-24-1558,PDC000113,PDC000113
2370,TCGA-24-1562,PDC000113,PDC000113
2371,TCGA-24-1565,PDC000113,PDC000113
2372,TCGA-24-1920,NA,PDC000113
2373,TCGA-24-1927,NA,PDC000113
2374,TCGA-24-2024,PDC000113,PDC000113
2375,TCGA-24-2030,NA,PDC000113
2376,TCGA-24-2033,PDC000113,PDC000113
2377,TCGA-24-2261,PDC000113,PDC000113
2378,TCGA-24-2289,PDC000113,PDC000113
2379,TCGA-24-2290,PDC000113,PDC000113
2380,TCGA-24-2298,PDC000113,PDC000113
2381,TCGA-25-1312,PDC000113,PDC000113
2382,TCGA-25-1313,PDC000113,PDC000113
2383,TCGA-25-1318,PDC000113,PDC000113
2384,TCGA-25-1322,PDC000113,PDC000113
2385,TCGA-25-1323,PDC000113,PDC000113
2386,TCGA-25-1329,PDC000113,PDC000113
2387,TCGA-25-1623,PDC000113,PDC000113
2388,TCGA-25-1628,PDC000113,PDC000113
2389,TCGA-25-1631,PDC000113,PDC000113
2390,TCGA-25-2396,PDC000113,PDC000113
2391,TCGA-25-2397,PDC000113,PDC000113
2392,TCGA-25-2399,PDC000113,PDC000113
2393,TCGA-25-2404,PDC000113,PDC000113
2394,TCGA-25-2409,PDC000113,PDC000113
2395,TCGA-29-1688,PDC000113,PDC000113
2396,TCGA-29-1690,PDC000113,PDC000113
2397,TCGA-29-1693,PDC000113,PDC000113
2398,TCGA-29-1696,PDC000113,PDC000113
2399,TCGA-29-1697,PDC000113,PDC000113
2400,TCGA-29-1698,PDC000113,PDC000113
2401,TCGA-29-1702,PDC000113,PDC000113
2402,TCGA-29-1705,PDC000113,PDC000113
2403,TCGA-29-1710,PDC000113,PDC000113
2404,TCGA-29-1711,PDC000113,PDC000113
2405,TCGA-29-1762,PDC000113,PDC000113
2406,TCGA-29-1763,PDC000113,PDC000113
2407,TCGA-29-1766,PDC000113,PDC000113
2408,TCGA-29-1768,PDC000113,PDC000113
2409,TCGA-29-1769,PDC000113,PDC000113
2410,TCGA-29-1770,PDC000113,PDC000113
2411,TCGA-29-1771,NA,PDC000113
2412,TCGA-29-1785,PDC000113,PDC000113
2413,TCGA-29-2427,PDC000113,PDC000113
2414,TCGA-29-2431,NA,PDC000113
2415,TCGA-30-1887,NA,PDC000113
2416,TCGA-30-1891,PDC000113,PDC000113
2417,TCGA-36-1569,PDC000113,PDC000113
2418,TCGA-36-1570,PDC000113,PDC000113
2419,TCGA-36-1571,PDC000113,PDC000113
2420,TCGA-36-1577,PDC000113,PDC000113
2421,TCGA-36-1578,PDC000113,PDC000113
2422,TCGA-36-1580,PDC000113,PDC000113
2423,TCGA-36-2530,NA,PDC000113
2424,TCGA-36-2532,NA,PDC000113
2425,TCGA-36-2534,NA,PDC000113
2426,TCGA-36-2537,NA,PDC000113
2427,TCGA-36-2542,NA,PDC000113
2428,TCGA-36-2544,NA,PDC000113
2429,TCGA-36-2545,NA,PDC000113
2430,TCGA-36-2547,NA,PDC000113
2431,TCGA-36-2549,NA,PDC000113
2432,TCGA-59-2348,PDC000113,PDC000113
2433,TCGA-59-2351,PDC000113,PDC000113
2434,TCGA-59-2352,PDC000113,PDC000113
2435,TCGA-59-2372,NA,PDC000113
2436,TCGA-61-1724,PDC000113,PDC000113
2437,TCGA-61-1727,NA,PDC000113
2438,TCGA-61-1741,PDC000113,PDC000113
2439,TCGA-61-1907,PDC000113,PDC000113
2440,TCGA-61-1910,PDC000113,PDC000113
2441,TCGA-61-1911,PDC000113,PDC000113
2442,TCGA-61-1914,PDC000113,PDC000113
2443,TCGA-61-1915,NA,PDC000113
2444,TCGA-61-1918,PDC000113,PDC000113
2445,TCGA-61-1995,PDC000113,PDC000113
2446,TCGA-61-2008,PDC000113,PDC000113
2447,TCGA-61-2087,NA,PDC000113
2448,TCGA-61-2088,PDC000113,PDC000113
2449,TCGA-61-2094,PDC000113,PDC000113
2450,TCGA-61-2613,NA,PDC000113
2451,TCGA-A2-A0CM,PDC000173,PDC000173
2452,TCGA-A2-A0D0,PDC000173,PDC000173
2453,TCGA-A2-A0D1,PDC000173,PDC000173
2454,TCGA-A2-A0D2,PDC000173,PDC000173
2455,TCGA-A2-A0EQ,PDC000173,PDC000173
2456,TCGA-A2-A0EV,PDC000173,PDC000173
2457,TCGA-A2-A0EX,PDC000173,PDC000173
2458,TCGA-A2-A0EY,PDC000173,PDC000173
2459,TCGA-A2-A0SW,PDC000173,PDC000173
2460,TCGA-A2-A0SX,PDC000173,PDC000173
2461,TCGA-A2-A0T1,PDC000173,PDC000173
2462,TCGA-A2-A0T2,PDC000173,PDC000173
2463,TCGA-A2-A0T3,PDC000173,PDC000173
2464,TCGA-A2-A0T6,PDC000173,PDC000173
2465,TCGA-A2-A0T7,PDC000173,PDC000173
2466,TCGA-A2-A0YC,PDC000173,PDC000173
2467,TCGA-A2-A0YD,PDC000173,PDC000173
2468,TCGA-A2-A0YF,PDC000173,PDC000173
2469,TCGA-A2-A0YG,PDC000173,PDC000173
2470,TCGA-A2-A0YI,PDC000173,PDC000173
2471,TCGA-A2-A0YL,PDC000173,PDC000173
2472,TCGA-A2-A0YM,PDC000173,PDC000173
2473,TCGA-A7-A0CD,PDC000173,PDC000173
2474,TCGA-A7-A0CE,PDC000173,PDC000173
2475,TCGA-A7-A0CJ,PDC000173,PDC000173
2476,TCGA-A7-A13F,PDC000173,PDC000173
2477,TCGA-A8-A06N,PDC000173,PDC000173
2478,TCGA-A8-A06Z,PDC000173,PDC000173
2479,TCGA-A8-A076,PDC000173,PDC000173
2480,TCGA-A8-A079,PDC000173,PDC000173
2481,TCGA-A8-A08G,PDC000173,PDC000173
2482,TCGA-A8-A08Z,PDC000173,PDC000173
2483,TCGA-A8-A09G,PDC000173,PDC000173
2484,TCGA-A8-A09I,PDC000173,PDC000173
2485,TCGA-AN-A04A,PDC000173,PDC000173
2486,TCGA-AN-A0AJ,PDC000173,PDC000173
2487,TCGA-AN-A0AL,PDC000173,PDC000173
2488,TCGA-AN-A0AM,PDC000173,PDC000173
2489,TCGA-AN-A0AS,PDC000173,PDC000173
2490,TCGA-AN-A0FK,PDC000173,PDC000173
2491,TCGA-AN-A0FL,PDC000173,PDC000173
2492,TCGA-AO-A03O,PDC000173,PDC000173
2493,TCGA-AO-A0J6,PDC000173,PDC000173
2494,TCGA-AO-A0J9,PDC000173,PDC000173
2495,TCGA-AO-A0JC,PDC000173,PDC000173
2496,TCGA-AO-A0JE,PDC000173,PDC000173
2497,TCGA-AO-A0JJ,PDC000173,PDC000173
2498,TCGA-AO-A0JL,PDC000173,PDC000173
2499,TCGA-AO-A0JM,PDC000173,PDC000173
2500,TCGA-AO-A126,PDC000173,PDC000173
2501,TCGA-AO-A12B,PDC000173,PDC000173
2502,TCGA-AO-A12D,PDC000173,PDC000173
2503,TCGA-AO-A12E,PDC000173,PDC000173
2504,TCGA-AO-A12F,PDC000173,PDC000173
2505,TCGA-AR-A0TR,PDC000173,PDC000173
2506,TCGA-AR-A0TT,PDC000173,PDC000173
2507,TCGA-AR-A0TV,PDC000173,PDC000173
2508,TCGA-AR-A0TX,PDC000173,PDC000173
2509,TCGA-AR-A0TY,PDC000173,PDC000173
2510,TCGA-AR-A0U4,PDC000173,PDC000173
2511,TCGA-AR-A1AP,PDC000173,PDC000173
2512,TCGA-AR-A1AQ,PDC000173,PDC000173
2513,TCGA-AR-A1AS,PDC000173,PDC000173
2514,TCGA-AR-A1AV,PDC000173,PDC000173
2515,TCGA-AR-A1AW,PDC000173,PDC000173
2516,TCGA-BH-A0AV,PDC000173,PDC000173
2517,TCGA-BH-A0BV,PDC000173,PDC000173
2518,TCGA-BH-A0BZ,PDC000173,PDC000173
2519,TCGA-BH-A0C0,PDC000173,PDC000173
2520,TCGA-BH-A0C1,PDC000173,PDC000173
2521,TCGA-BH-A0C7,PDC000173,PDC000173
2522,TCGA-BH-A0DD,PDC000173,PDC000173
2523,TCGA-BH-A0DG,PDC000173,PDC000173
2524,TCGA-BH-A0E0,PDC000173,PDC000173
2525,TCGA-BH-A0E1,PDC000173,PDC000173
2526,TCGA-BH-A0E9,PDC000173,PDC000173
2527,TCGA-BH-A0EE,PDC000173,PDC000173
2528,TCGA-BH-A0HK,PDC000173,PDC000173
2529,TCGA-BH-A0HP,PDC000173,PDC000173
2530,TCGA-BH-A18N,PDC000173,PDC000173
2531,TCGA-BH-A18Q,PDC000173,PDC000173
2532,TCGA-BH-A18R,PDC000173,PDC000173
2533,TCGA-BH-A18U,PDC000173,PDC000173
2534,TCGA-BH-A18V,PDC000173,PDC000173
2535,TCGA-C8-A12L,PDC000173,PDC000173
2536,TCGA-C8-A12P,PDC000173,PDC000173
2537,TCGA-C8-A12Q,PDC000173,PDC000173
2538,TCGA-C8-A12T,PDC000173,PDC000173
2539,TCGA-C8-A12U,PDC000173,PDC000173
2540,TCGA-C8-A12V,PDC000173,PDC000173
2541,TCGA-C8-A12W,PDC000173,PDC000173
2542,TCGA-C8-A12Z,PDC000173,PDC000173
2543,TCGA-C8-A130,PDC000173,PDC000173
2544,TCGA-C8-A131,PDC000173,PDC000173
2545,TCGA-C8-A134,PDC000173,PDC000173
2546,TCGA-C8-A135,PDC000173,PDC000173
2547,TCGA-C8-A138,PDC000173,PDC000173
2548,TCGA-D8-A13Y,PDC000173,PDC000173
2549,TCGA-D8-A142,PDC000173,PDC000173
2550,TCGA-E2-A10A,PDC000173,PDC000173
2551,TCGA-E2-A150,PDC000173,PDC000173
2552,TCGA-E2-A154,PDC000173,PDC000173
2553,TCGA-E2-A158,PDC000173,PDC000173
2554,TCGA-E2-A159,PDC000173,PDC000173
2555,TCGA-E2-A15A,PDC000173,PDC000173
