Case ID,Case Submitter ID,Exposure ID,Exposure Submitter ID,Alcohol Days Per Week,Alcohol Drinks Per Day,Alcohol History,Alcohol Intensity,Asbestos Exposure,Cigarettes Per Day,Coal Dust Exposure,Environmental Tobacco Smoke Exposure,Pack Years Smoked,Radon Exposure,Respirable Crystalline Silica Exposure,Smoking Frequency,Time Between Waking And First Smoke,Tobacco Smoking Onset Year,Tobacco Smoking Quit Year,Tobacco Smoking Status,Type Of Smoke Exposure,Type Of Tobacco Used,Years Smoked,Age At Onset,Alcohol Type,Exposure Duration,Exposure Duration Years,Exposure Type,Marijuana Use Per Week,Parent With Radiation Exposure,Secondhand Smoke As Child,Smokeless Tobacco Quit Age,Tobacco Use Per Day
"3b1a2314-101b-40e6-b9fa-bca6acf47b0a","C3N-02244","18df1c61-5c33-4453-b8b7-fb6155086490","C3N-02244-EX",,,,,,,,,,,,,,,,,,,,,,,,,,,,,
"89a067a3-0858-49f8-929f-48774c5bb560","C3N-01880","da8fbd83-a4c7-498d-abc8-4a8628029bdd","C3N-01880-EX",,,"No","Lifelong Non-Drinker",,,,,,,,,,,,"1",,,,,,,,,,,,,
"4aaeb5f7-55bd-44ac-aa60-bdadca895243","C3L-02125","3e5af5dc-180f-4590-8a02-5f9763d486a3","C3L-02125-EX",,,"No","Lifelong Non-Drinker",,,,,,,,,,,,"1",,,,,,,,,,,,,
"d6e830e8-4fc3-42bb-b271-5957b2a5e525","C3L-01739","29a3a25e-57dd-4cff-9d5e-12f1f6e3f3c5","C3L-01739-EX",,,"No","Lifelong Non-Drinker",,,,,,,,,,,,"1",,,,,,,,,,,,,
"c962a026-05d7-456e-83d2-376c20ca42f5","C3N-01877","88198efc-4a2f-4623-ab71-f6575cae47ba","C3N-01877-EX",,,"No","Lifelong Non-Drinker",,"20.0",,,,,,,,,,"2","Smoke exposure, NOS",,,,,,,,,,"Yes",,
"62d6a247-8c3a-4efc-a135-728af7a7c3a6","C3N-02247","64755178-6af7-4443-9d6e-cf2f50a58368","C3N-02247-EX",,,,,,,,,,,,,,,,,,,,,,,,,,,,,
"22e32210-cd82-4cad-a7c9-b6ae39e05ad1","C3N-02271","95bc29bc-975b-49a2-86f9-1f8c4748a272","C3N-02271-EX",,,"No","Lifelong Non-Drinker",,,,,,,,,,,,"1",,,,,,,,,,,,,
"59a60dc7-c1eb-4b8f-a100-4927c2199561","C3N-02598","40df5054-4cea-492a-878d-6729e9c4a5d0","C3N-02598-EX",,,"Yes","Occasional Drinker",,"20.0",,,,,,,,,,"2",,,,,,,,,,,,,
"1e7a2c18-f528-44b6-b4d8-3d3198e55d0f","C3L-02412","c55235ca-dfb9-457e-b96a-63f2c2d567a7","C3L-02412-EX",,,"No","Lifelong Non-Drinker",,,,,,,,,,,,"1",,,,,,,,,,,,,
"654a927d-2695-49c0-91e6-33adb9e26d08","C3L-01913","248e89e3-4b81-478c-9688-4c1d44c49e38","C3L-01913-EX",,,"Not Reported","Unknown",,"20.0",,,"22.0",,,,,"1995",,"2",,,"28.0",,,,,,,,,,
"316c9b11-048b-4d88-a90e-03c478b5211f","C3N-01341","d8feec3a-d434-423d-9394-c26b167f519b","C3N-01341-EX",,,"No","Lifelong Non-Drinker",,,,,,,,,,,,"1",,,,,,,,,,,,,
"b7e61ab2-6828-4d4b-b12c-b82d6c77386d","NX027","82eafdd9-c2a8-4d04-a552-5ac39bc0c6cd","NX027-EX",,,,,,,,,,,,,,,,,,,,,,,,,,,,,
"4ab8aa9d-c16c-442e-8f9c-daf1003de902","C3N-02012","1ada274d-90c8-40b6-9a19-e7098d3d64ea","C3N-02012-EX",,,"No","Lifelong Non-Drinker",,,,,,,,,,,,"1",,,,,,,,,,,,,
"cf669d6c-266e-47b6-b223-103f74a963d8","C3N-01764","e6d80381-072f-4872-8692-de33bac2d0aa","C3N-01764-EX",,,"No","Lifelong Non-Drinker",,,,,,,,,,,,"1",,,,,,,,,,,,,
"2a4d5c2c-db95-43d9-98ca-4af132ffbbc3","C3N-00859","b41f3665-3303-48c3-b826-aad3e505264c","C3N-00859-EX",,,"No","Lifelong Non-Drinker",,,,,,,,,,,,"1",,,,,,,,,,,,,
"651c6f2e-413f-4c02-aeb5-4f9199e1e0b9","C3N-02678","20f7a9b3-27a9-4895-acd5-f680aa0e2975","C3N-02678-EX",,,"No","Lifelong Non-Drinker",,,,,,,,,,,,"1",,,,,,,,,,,,,
"716f932c-5ca2-476e-beb2-2599733115c2","NX026","26e332f6-3ff3-4d92-95f8-19083f713ee2","NX026-EX",,,,,,,,,,,,,,,,,,,,,,,,,,,,,
"18cffd55-6993-48ca-81ed-9096a5ec7f9a","C3N-01529","f98c92a7-d225-47b2-a403-ba5c800a29b1","C3N-01529-EX",,,"No","Lifelong Non-Drinker",,,,,,,,,,,,"1",,,,,,,,,,,,,
"c7722558-6d06-4049-bf4c-aadaf32b2dff","C3N-01172","63edae9b-80fb-4f66-a29f-e93a3a85871d","C3N-01172-EX",,,"No","Lifelong Non-Drinker",,,,,,,,,,,,"1",,,,,,,,,,,,,
"f777c0f1-e13a-4b07-9a07-97a44e6f43a3","C3N-01871","82d04c7c-625e-4846-8b51-0def2f6312b3","C3N-01871-EX",,,"No","Lifelong Non-Drinker",,,,,,,,,,,,"1","Smoke exposure, NOS",,,,,,,,,,"Yes",,
"6f19e788-95f1-45d1-8dcc-191799f146d2","C3N-01007","756a849a-f0c1-43b1-a384-e208467e54d3","C3N-01007-EX",,,"No","Lifelong Non-Drinker",,,,,,,,,,,,"1",,,,,,,,,,,,,
"91638dc9-fc1a-4721-a1cb-884d3b047f29","C3N-01171","27eed82a-3567-410a-b7fe-4682d196823a","C3N-01171-EX",,,"No","Lifelong Non-Drinker",,,,,,,,,,,,"1",,,,,,,,,,,,,
"26cb8025-b6c8-4943-8532-47bc895166b3","C3L-01967","76eadbb5-f653-4f02-a878-79e835248e71","C3L-01967-EX",,,"Yes","Occasional Drinker",,,,,,,,,,,,"1","Smoke exposure, NOS",,,,,,,,,,"Yes",,
"941865bf-bef9-4e9a-b430-4e6e6956570d","C3L-02119","e5f1bc87-7363-44bd-847d-4431872bc178","C3L-02119-EX",,,"Not Reported","Unknown",,,,,,,,,,,,"1",,,,,,,,,,,,,
"75330a2d-d702-4683-b428-87a32aed5a5e","NX021","c97547eb-4777-47af-8098-a08530a7b36a","NX021-EX",,,,,,,,,,,,,,,,,,,,,,,,,,,,,
"0515d2dd-3c2d-424d-93b3-14860e228378","C3L-02389","8e5d3f6d-78ad-4ada-9ef3-7bbde5f15f68","C3L-02389-EX",,,"Yes","Occasional Drinker",,,,,,,,,,,,"1",,,,,,,,,,,,,
"fdf5a66b-89af-467f-b6d1-26a5821bf22c","C3N-00520","be29b1e6-69b9-4763-b81f-199ca4543ba1","C3N-00520-EX",,,"No","Lifelong Non-Drinker",,,,,,,,,,,,"1",,,,,,,,,,,,,
"e035bd2a-9a53-47f2-9a34-0c93380ac6c7","C3N-02028","24863b1a-a0cb-4cf4-9055-0b178cbf4036","C3N-02028-EX",,,"No","Lifelong Non-Drinker",,,,,,,,,,,,"1",,,,,,,,,,,,,
"48c0a8d3-75be-4055-9e38-da84f1c340bd","C3L-02602","ef7327f6-2593-42d6-8636-14986c13009f","C3L-02602-EX",,,"No","Lifelong Non-Drinker",,,,,,,,,,,,"1",,,,,,,,,,,,,
"2bd188fe-2c61-4481-af47-7805ca1d9ea8","C3L-01633","43b7ab08-71ea-4ae0-ac38-7d8e76546001","C3L-01633-EX",,,"No","Lifelong Non-Drinker",,,,,,,,,,,,"1",,,,,,,,,,,,,
"22a90157-5e79-433c-8859-76893b79fbb0","C3N-02635","7a8b1caa-ddd0-4b36-8b27-563687187a43","C3N-02635-EX",,,"No","Lifelong Non-Drinker",,,,,,,,,,,,"1",,,,,,,,,,,,,
"2bf62061-246d-46e4-adcf-9f122748d0bc","NX031","80c4b64d-50de-469c-b367-a9c842108821","NX031-EX",,,,,,,,,,,,,,,,,,,,,,,,,,,,,
"bed55930-5999-4000-ab9e-b2a50149c47e","C3L-01664","a724477a-9d0a-4f55-a4d4-b794baaa9a15","C3L-01664-EX",,,"No","Lifelong Non-Drinker",,,,,,,,,,,,"1",,,,,,,,,,,,,
"ca27c5c6-2aad-4acb-bb1a-557d4738227c","C3N-00860","c63bf84d-bd11-4d54-8940-f9f07eb02d25","C3N-00860-EX",,,"No","Lifelong Non-Drinker",,,,,,,,,,,,"1",,,,,,,,,,,,,
"085aa512-e5af-41f1-bb5f-852fd0c33258","NX020","960d8cbc-30f7-4993-a1cb-98f6e8d8a427","NX020-EX",,,,,,,,,,,,,,,,,,,,,,,,,,,,,
"615cb54c-3246-430b-8ea7-259314ba5aa2","C3N-02978","e6824af3-623d-46c5-a1bf-c9c693b389d0","C3N-02978-EX",,,"No","Lifelong Non-Drinker",,,,,,,,,,,,"1",,,,,,,,,,,,,
"0e9c47ed-1bb0-495f-bb4a-b73ff49ca2d9","C3L-02802","cfbfa3ed-5f40-454d-99de-9e535a53a836","C3L-02802-EX",,,"Yes","Non-Drinker",,,,,,,,,,,,"4",,,,,,,,,,,,,
"85b024a2-1250-4881-8376-39631d505144","C3L-01864","c0734d8d-c274-4735-a01a-edc9053a5dc8","C3L-01864-EX",,,"Not Reported","Unknown",,,,,,,,,,,,"1",,,,,,,,,,,,,
"a9c38858-adc7-4d21-b930-1328205b5994","C3L-02354","a5f4a1b5-97f9-48e5-ab28-2949a1f70c35","C3L-02354-EX",,,"No","Lifelong Non-Drinker",,,,,,,,,,,,"1",,,,,,,,,,,,,
"e6cf0d7b-c1cc-4155-9139-ffc921c2b772","C3N-02062","48e1e334-5637-482b-bce5-3aa901f3ddda","C3N-02062-EX",,,"No","Lifelong Non-Drinker",,,,,,,,,,,,"1",,,,,,,,,,,,,
"9b4f319e-9d9d-4069-9fd8-2b5fd2c13aad","C3N-01344","0122ee2c-7e24-4937-98cc-b4159e559ab3","C3N-01344-EX",,,"No","Lifelong Non-Drinker",,,,,,,,,,,,"1",,,,,,,,,,,,,
"e696328d-d090-4405-99f9-57b0e2de7012","NX022","05181672-9402-4d1c-b8bb-89abcf7f746f","NX022-EX",,,,,,,,,,,,,,,,,,,,,,,,,,,,,
"f40fb1ed-230f-497a-bf2a-0cc032d47aa9","C3L-02392","e520fdfa-c734-44c9-af3d-6878c839c863","C3L-02392-EX",,,"No","Lifelong Non-Drinker",,,,,,,,,,,,"5",,,,,,,,,,,,,
"62fed149-d8b8-4462-93fd-ec190649b379","C3L-02744","17b25307-b970-4005-8d65-329e6f8912ea","C3L-02744-EX",,,"No","Lifelong Non-Drinker",,,,,,,,,,,,"1",,,,,,,,,,,,,
"aef60166-8440-40a9-875c-4fe7e125bdde","C3L-01833","e8d75654-f749-4d72-bba5-877abe51b739","C3L-01833-EX",,,"No","Lifelong Non-Drinker",,,,,,,,,,,,"1",,,,,,,,,,,,,
"53e22614-3ea9-43b6-a8fc-3c45a4f5ee0e","C3L-01064","196f00a3-4303-4f61-97a2-52000e6094fb","C3L-01064-EX",,,"Yes","Non-Drinker",,"20.0",,,"30.0",,,,,"1986",,"2",,,"37.0",,,,,,,,,,
"040cb595-4bd9-48da-a20d-b3a329294aa4","C3L-02800","27dc8c4e-c62b-4d3f-b095-0c6582618377","C3L-02800-EX",,,"No","Lifelong Non-Drinker",,,,,,,,,,,,"1",,,,,,,,,,,,,
"e2a46f60-056b-428c-898d-d10c2f80baf6","C3N-02302","a9960514-1683-4e90-b879-402a0827dbe0","C3N-02302-EX",,,"No","Lifelong Non-Drinker",,,,,,,,,,,,"1",,,,,,,,,,,,,
"f3f4d99e-152f-4e65-8eef-6521081b1ba7","C3L-05848","5a83f51e-339e-46e7-8ca7-f8a016ddd08a","C3L-05848-EX",,,"Yes","Occasional Drinker",,,,,,,,,,,,"1",,,,,,,,,,,,,
"63252ba3-3e1d-490d-aecc-b1c424d28606","C3L-02216","5a025292-62bc-4c56-81c9-09fd965be7e8","C3L-02216-EX",,,"No","Lifelong Non-Drinker",,,,,,,,,,,,"1",,,,,,,,,,,,,
"49441ac0-645e-41b4-bf61-e7a78ec534b0","C3L-01668","722e9a15-7491-4f93-ac45-6b7bc0fc8f4c","C3L-01668-EX",,,"Yes","Occasional Drinker",,,,,,,,,,,,"1",,,,,,,,,,,,,
"0843167c-f874-4e23-a334-6e5ad7a6c04b","C3L-02953","a79d41b4-42ab-4d42-99b7-045e3ef757c6","C3L-02953-EX",,,"Yes","Occasional Drinker",,,,,,,,,,,,"1",,,,,,,,,,,,,
"54035534-1ed4-498e-9eac-62b0880b7d87","C3N-02789","b8458acb-eea9-4361-820e-1df43bc16bb9","C3N-02789-EX",,,"Yes","Occasional Drinker",,"2.0",,,"0.1",,,,,"1975","1976","3",,,"1.0",,,,,,,,,,
"51c65bc0-2ae1-4566-9509-3a06140e4c2d","C3L-01355","0beadc74-2173-44ae-ab70-138ead7a8741","C3L-01355-EX",,,"No","Lifelong Non-Drinker",,,,,,,,,,,,"1",,,,,,,,,,,,,
"8fcfa3a0-13c2-4819-b6f3-a40d99bb1527","C3N-01848","b237b410-c57c-4301-aae6-142b551d76c5","C3N-01848-EX",,,"No","Lifelong Non-Drinker",,,,,,,,,,,,"1",,,,,,,,,,,,,
"05c52807-7cd0-415f-844c-8a6b1d0c897b","NX036","cc009a1a-550a-4cbf-a5a6-47fa70833869","NX036-EX",,,,,,,,,,,,,,,,,,,,,,,,,,,,,
"dce1ec8e-8e5c-4f65-a171-bdfd0acc339f","C3N-01878","75b839a3-a3c6-4013-90c9-a695e515bcd3","C3N-01878-EX",,,"No","Lifelong Non-Drinker",,,,,,,,,,,,"1",,,,,,,,,,,,,
"2f7cf95f-e94e-4898-8ef0-60739e313422","C3L-02990","f30eb86d-f047-4850-bf60-43053ce0a1ae","C3L-02990-EX",,,"Not Reported","Unknown",,,,,,,,,,"1974","2014","3",,,"40.0",,,,,,,,,,
"c6931b91-32cb-442c-9b0b-41f418f84509","C3N-01874","9c3b49d4-af88-43d2-bc62-160f921a38c9","C3N-01874-EX",,,"No","Lifelong Non-Drinker",,,,,,,,,,,,"1","Smoke exposure, NOS",,,,,,,,,,"Yes",,
"07209754-7cb3-4ead-bcf8-7fd5e1f3fe9d","C3N-00872","7b8510c2-b815-4312-847e-4995e74da567","C3N-00872-EX",,,"No","Lifelong Non-Drinker",,,,,,,,,,,,"1",,,,,,,,,,,,,
"e1559e51-1c77-4528-b69c-5fd3a9d23a14","C3L-02545","903e154e-fac9-40e7-b902-3655e7fece2b","C3L-02545-EX",,,"Yes","Occasional Drinker",,"10.0",,,"15.0",,,,,"1986",,"2",,,"37.0",,,,,,,,,,
"fe090773-9de2-4fbb-b832-7cc057bc1862","C3L-00086","3fbc2230-5219-44fa-9e9b-0aadeae93384","C3L-00086-EX",,,"Yes","Occasional Drinker",,"4.0",,,,,,,,,,"2",,,,,,,,,,,,,
"9ac73d0c-5990-4f08-a0ef-cdc100d02b40","NX024","21cf97c9-9206-42f6-b40d-9e967acb96d1","NX024-EX",,,,,,,,,,,,,,,,,,,,,,,,,,,,,
"23856a8c-9b2b-455a-ab55-fb2791b79d05","NX033","b298b8c3-5a54-4ce7-ab2e-5ac4be3f687a","NX033-EX",,,,,,,,,,,,,,,,,,,,,,,,,,,,,
"fc14681f-89d3-4f29-a644-cd78fb3aff02","C3N-02372","fa4cb421-236a-4a16-98da-c25fbc7fc55c","C3N-02372-EX",,,"No","Lifelong Non-Drinker",,,,,,,,,,,,"1",,,,,,,,,,,,,
"6d89f470-f821-4ea0-bb6e-143b103fc5bb","C3N-01876","ff913bc5-d33b-462b-a9e3-cd7bd3b7298d","C3N-01876-EX",,,"No","Lifelong Non-Drinker",,,,,,,,,,,,"1",,,,,,,,,,,,,
"2f35aea1-2028-429d-8e54-ed360f3cf078","C3L-03264","581a3077-43d2-457a-8072-64b86567f21d","C3L-03264-EX",,,"Yes","Occasional Drinker",,,,,,,,,,,,"1",,,,,,,,,,,,,
"01ba6a03-ac4e-40f8-be7d-179452b1ad88","C3N-01526","bfbdd1ea-f10e-47fa-aa85-0ecc16cc23da","C3N-01526-EX",,,"No","Lifelong Non-Drinker",,,,,,,,,,,,"1",,,,,,,,,,,,,
"37944a65-4fe5-4a3a-8c19-010cba3ecfa8","C3L-02449","591eee4c-4745-4d8a-8d96-85a89649cb45","C3L-02449-EX",,,"No","Lifelong Non-Drinker",,,,,,,,,,,,"1",,,,,,,,,,,,,
"a638bb20-4185-45d5-8953-f28d96a766c2","NX032","791d436b-9848-4dd8-af7c-78f469e36b81","NX032-EX",,,,,,,,,,,,,,,,,,,,,,,,,,,,,
"2ec22c96-ee70-48a6-bc34-4923a31adc9d","C3N-01525","41299a88-097a-429c-ac3e-967621b572dc","C3N-01525-EX",,,"No","Lifelong Non-Drinker",,,,,,,,,,,,"1",,,,,,,,,,,,,
"976bd9ec-7d84-4b17-adec-2ea094d79111","C3L-02741","2432d705-1b24-4a19-8c18-cf0e8ed7075d","C3L-02741-EX",,,"No","Lifelong Non-Drinker",,,,,,,,,,,,"1",,,,,,,,,,,,,
"97b079c8-c207-41ea-8e2f-4b6117dd8dd5","C3L-01631","aa319677-8433-42f9-94d2-b8cddb381fa6","C3L-01631-EX",,,"Not Reported","Unknown",,"30.0",,,"67.5",,,,,"1971",,"2",,,"52.0",,,,,,,,,,
"8fa258e3-9adf-45f8-b4b6-8aca20efbc7e","C3L-02746","9b6087f2-4c26-4f39-b298-260a9f5c29a7","C3L-02746-EX",,,"No","Lifelong Non-Drinker",,,,,,,,,,,,"1",,,,,,,,,,,,,
"41556113-b239-46b4-a176-a2dfd04cb666","C3N-02061","6fe88bc8-b669-4723-8af5-1c869c9149fe","C3N-02061-EX",,,"No","Lifelong Non-Drinker",,,,,,,,,,,,"1",,,,,,,,,,,,,
"cb74e02b-315f-4638-8820-56fb0345e9b9","C3N-02976","2a180870-67ed-4a1a-9655-bf58d8784628","C3N-02976-EX",,,"No","Lifelong Non-Drinker",,,,,,,,,,,,"1",,,,,,,,,,,,,
"de1260e6-4932-4d48-bdac-0e02abaf11ec","C3L-00943","f0bca303-321c-4d2c-ac70-e13102d96b57","C3L-00943-EX",,,"No","Lifelong Non-Drinker",,,,,,,,,,,,"1",,,,,,,,,,,,,
"097a21bf-5143-4c26-95fb-7fa946712967","C3N-02298","de4b0311-69a9-450f-bf1f-5cc0048dddd2","C3N-02298-EX",,,"No","Lifelong Non-Drinker",,,,,,,,,,,,"1",,,,,,,,,,,,,
"d32af673-556f-4195-8391-39cd5189c282","C3N-00755","7c7b7df7-75d5-412f-bdbc-9b7a0a4fa123","C3N-00755-EX",,,,,,,,,,,,,,,,,,,,,,,,,,,,,
"099a979a-7127-4e88-a39f-a6a5e5ce84ec","C3N-02947","1a930a82-fcc9-4290-9ef0-18e15a54d70a","C3N-02947-EX",,,"Yes","Occasional Drinker",,"5.0",,,,,,,,,,"2",,,,,,,,,,,,,
"5c441a41-89ca-4727-b00b-3fff3ecbcfd8","C3N-02639","d1d2bfe7-5688-4e96-aba2-56baf202a9b7","C3N-02639-EX",,,"No","Lifelong Non-Drinker",,,,,,,,,,,,"1",,,,,,,,,,,,,
"27e42cfa-a743-43ee-bd6a-a8020a982a8c","C3L-03589","1ae4b07a-5a68-4d78-b408-40aa533df5d2","C3L-03589-EX",,,"Yes","Occasional Drinker",,,,,,,,,,"1972","2016","4",,,"44.0",,,,,,,,,,
"2d564f02-68ff-40f7-8925-9387d98582f3","C3N-02632","332e2005-85c0-44c3-8d11-060ef4f40a8d","C3N-02632-EX",,,"No","Lifelong Non-Drinker",,,,,,,,,,,,"1",,,,,,,,,,,,,
"5aa447a4-84ce-4215-81b3-107210b3f38d","C3N-02027","d83da4ed-87e2-4a55-bfab-8b7f6851da83","C3N-02027-EX",,,"No","Lifelong Non-Drinker",,,,,,,,,,,,"1",,,,,,,,,,,,,
"e9e9baad-0996-4fee-91f3-3d10de0ac5ab","C3N-02436","a78d6328-fd6a-467f-87b2-560b70cf5ed8","C3N-02436-EX",,,"Yes","Occasional Drinker",,,,,,,,,,,,"1",,,,,,,,,,,,,
"c737b5c2-3ea1-4a84-b297-4e74cb3fba23","C3L-01599","3784bb08-acd9-458d-bdd4-b8801afa6ad7","C3L-01599-EX",,,"No","Lifelong Non-Drinker",,,,,,,,,,,,"1",,,,,,,,,,,,,
"6c798241-06f0-4893-a465-7fd32d40f95c","NX028","d3513e4e-6cdd-439a-8c75-418b0ffc7187","NX028-EX",,,,,,,,,,,,,,,,,,,,,,,,,,,,,
"e9c69663-652f-428e-8f4c-d0e4545a0fdd","C3N-02274","84856608-841e-4a49-957d-6d6034c266d9","C3N-02274-EX",,,"No","Lifelong Non-Drinker",,,,,,,,,,,,"1",,,,,,,,,,,,,
"fbabfdb8-3113-4086-af3a-35cfec53009d","C3L-03467","b70db006-3d32-49af-af99-84e024370a58","C3L-03467-EX",,,"Yes","Occasional Drinker",,,,,,,,,,,,"1",,,,,,,,,,,,,
"e64e9303-894e-464d-83a0-a66e08d2c385","C3N-00750","d7c34a8b-ec0a-48ef-97ec-f08e077df4c8","C3N-00750-EX",,,,,,,,,,,,,,,,,,,,,,,,,,,,,
"26e577e8-0794-4234-b401-9de63fc51a6a","C3L-02357","bcfef44d-6989-4b3e-a586-88e23625319e","C3L-02357-EX",,,"No","Lifelong Non-Drinker",,"30.0",,,"58.5",,,,,"1978",,"2",,,"45.0",,,,,,,,,,
"89945eae-f410-4ab3-b806-7a2732b66c14","C3L-05571","0f5a6761-7ee6-4df9-bc92-2d2cdc7e7ea7","C3L-05571-EX",,,"No","Lifelong Non-Drinker",,,,,,,,,,,,"1",,,,,,,,,,,,,
"25bf2158-3ab8-4f85-b801-c0d646b3893e","C3N-01761","0f804adb-0676-4f86-84a6-f3708192ce13","C3N-01761-EX",,,"No","Lifelong Non-Drinker",,"20.0",,,,,,,,,,"2",,,,,,,,,,,,,
"c90b0d73-297a-405b-973c-40df3ac96525","C3L-02411","84eec71a-aaae-43f6-99e0-47521705f439","C3L-02411-EX",,,"Yes","Occasional Drinker",,"10.0",,,"1.5",,,,,"1960","1963","3",,,"3.0",,,,,,,,,,
"18cbb873-a702-4a7e-b646-7d67671646eb","C3N-02253","536e98a9-1d06-4187-bcef-a4f6c3e835be","C3N-02253-EX",,,,,,,,,,,,,,,,,,,,,,,,,,,,,
"aa4629a7-d6b5-4ab7-92d5-d4c07b92a415","C3N-01875","80178a4b-51e1-49dc-9a93-04a5b8761fbe","C3N-01875-EX",,,"No","Lifelong Non-Drinker",,,,,,,,,,,,"1",,,,,,,,,,,,,
"f6ec2b0d-cb36-4c41-8b7e-3c5d5a5fba83","C3N-01830","65623d5e-313a-4905-86f6-99791953d1b7","C3N-01830-EX",,,"No","Lifelong Non-Drinker",,,,,,,,,,,,"1",,,,,,,,,,,,,
"b55d40a5-36e0-4c30-922e-eee7bbfc269b","C3L-02468","3aed598c-bdb4-43c1-b533-e0f5aad02827","C3L-02468-EX",,,"No","Lifelong Non-Drinker",,,,,,,,,,,,"7",,,,,,,,,,,,,
"d430a3f8-5314-4efa-b904-2aa17ecc88af","C3L-05849","0be1cd18-db80-458f-90ce-93c5bb3ceb8e","C3L-05849-EX",,,"No","Lifelong Non-Drinker",,,,,,,,,,,,"1",,,,,,,,,,,,,
"6c011edb-1341-4284-9bc7-a309bac3b4a1","C3L-00898","fae9ec9a-9623-4a9b-8bcc-4a6abb0a8ed5","C3L-00898-EX",,,"No","Lifelong Non-Drinker",,,,,,,,,,,,"1",,,,,,,,,,,,,
"1b42f935-3efa-4508-9d54-07247c6973e1","C3N-01342","9e98f827-9ba0-4ae1-99b5-5406bb3fe722","C3N-01342-EX",,,"No","Lifelong Non-Drinker",,,,,,,,,,,,"1",,,,,,,,,,,,,
"35b3d3ec-1f17-443b-830f-07f741dfbffd","C3N-02979","e76f78d3-f170-4fd7-832a-fecfbf5e6bd5","C3N-02979-EX",,,"No","Lifelong Non-Drinker",,,,,,,,,,,,"1",,,,,,,,,,,,,
"b56f311f-4d04-468c-a549-05b7b87c4492","C3N-01873","54abe5e2-2c51-435d-86cb-48a2094568fc","C3N-01873-EX",,,"No","Lifelong Non-Drinker",,,,,,,,,,,,"1",,,,,,,,,,,,,
"065e375b-3719-4e27-9246-2e80a50f0902","C3N-02337","5d30b9f1-fb4c-40e3-8581-dcc760120a24","C3N-02337-EX",,,"No","Lifelong Non-Drinker",,,,,,,,,,,,"1",,,,,,,,,,,,,
"0c0e9203-ab48-4005-afbf-8c0db774a9b2","C3N-01766","98c49c90-b4ac-4683-992e-a80afb2ac5aa","C3N-01766-EX",,,"No","Lifelong Non-Drinker",,,,,,,,,,,,"1",,,,,,,,,,,,,
"5cce075d-02fb-4fd0-8c93-7dc2a0c3cdb1","C3L-02121","909ece77-c0b7-41eb-becd-c7c643a2e6d1","C3L-02121-EX",,,"Yes","Occasional Drinker",,,,,,,,,,,,"1",,,,,,,,,,,,,
"297ac34a-cdfe-487d-8210-346932eedbbe","C3L-01277","377cf150-b19b-428e-b020-e16f7d8cfcbc","C3L-01277-EX",,,"No","Lifelong Non-Drinker",,,,,,,,,,,,"1",,,,,,,,,,,,,
"75533b4a-b4a6-46b0-8030-4ac968e512d5","C3N-00155","3c99a7a5-b10d-450b-99a2-c45b6231abd5","C3N-00155-EX",,,"No","Lifelong Non-Drinker",,,,,,,,,,,,"1",,,,,,,,,,,,,
"0670e9b8-07ff-4b46-b4ac-98b622cc6e87","C3N-02972","01dfb740-cebb-44b6-9b4a-887ef4fe5bc9","C3N-02972-EX",,,"No","Lifelong Non-Drinker",,,,,,,,,,,,"1",,,,,,,,,,,,,
"b135787d-c6ac-4704-8f78-d11b2ab863e8","NX037","208cc9b9-da9f-4a00-a39a-789ab1dbfc38","NX037-EX",,,,,,,,,,,,,,,,,,,,,,,,,,,,,
"9ae40b89-f98a-4a17-899e-b6655a549fc5","C3L-02555","62f8d4cd-a487-46d1-9849-e1321f38a956","C3L-02555-EX",,,"Yes","Occasional Drinker",,,,,,,,,,,,"1",,,,,,,,,,,,,
"4e845b20-de08-42ae-8226-13adacfe432a","C3L-02409","2405e000-f8a5-4ce8-830e-1f27dfef4489","C3L-02409-EX",,,"Yes","Occasional Drinker",,,,,,,,,,,,"1",,,,,,,,,,,,,
"b8d7abe1-55e9-4395-8ad0-fd6275a9a94a","C3N-02249","b07a308d-d8b3-473f-b263-abb224e4beb9","C3N-02249-EX",,,,,,,,,,,,,,,,,,,,,,,,,,,,,
"1dbc2b35-d3f2-47d1-89c1-87dfefeeeee6","C3N-01847","aa3c10ad-6090-408b-94af-56807abcb3f8","C3N-01847-EX",,,"No","Lifelong Non-Drinker",,,,,,,,,,,,"1",,,,,,,,,,,,,
"a7c49126-6bd2-4f9b-a700-d24c1e8813ae","C3L-02747","38158883-a7f6-43af-a76d-4de1688bbf81","C3L-02747-EX",,,"No","Lifelong Non-Drinker",,"5.0",,,"2.3",,,,,"1970","1979","3",,,"9.0",,,,,,,,,,
"fb0acaa6-876d-4fb1-8cc1-d301a72bff28","C3N-02631","751f0c72-bf01-4e9d-9dbc-e4e8afadcd83","C3N-02631-EX",,,"No","Lifelong Non-Drinker",,,,,,,,,,,,"1",,,,,,,,,,,,,
"9c46406b-3ebe-44c9-82cc-6baf3467878a","C3N-02296","f936748f-57b1-4d8c-9888-a1b90c520350","C3N-02296-EX",,,"Yes","Occasional Drinker",,,,,,,,,,,,"1",,,,,,,,,,,,,
"46823369-5e7c-44a6-ab05-649e0c59dfd0","NX035","9fc43741-1d76-4e7e-ab74-ac0e0a6cef57","NX035-EX",,,,,,,,,,,,,,,,,,,,,,,,,,,,,
"2b6db9ed-9fbf-488e-927c-fc3cd273ec5f","C3N-02994","8f0a02ac-80d1-480a-b103-f1e285389373","C3N-02994-EX",,,"Yes","Occasional Drinker",,,,,,,,,,,,"1",,,,,,,,,,,,,
"3cf0a0ac-6fa7-4c71-851a-5e9b771d7afc","C3L-01749","367b33a1-36e4-4b57-94f3-95f093b69a32","C3L-01749-EX",,,"Yes","Occasional Drinker",,,,,,,,,,,,"1",,,,,,,,,,,,,
"033d8be8-274d-4e76-a060-c72386f91096","C3N-03417","c2387cb3-beed-4bb1-ad95-18cb0bba3ad7","C3N-03417-EX",,,"No","Lifelong Non-Drinker",,,,,,,,,,,,"1",,,,,,,,,,,,,
"ea711b96-7083-4514-93ce-701a345052a3","C3N-03415","1742f9fd-9d5a-442a-b29b-66e71330111b","C3N-03415-EX",,,"No","Lifelong Non-Drinker",,,,,,,,,,,,"1",,,,,,,,,,,,,
"6915ff3b-1fb1-47a3-a36c-b43e8756718f","NX025","66962d25-f235-4d40-8800-2a87f6a751db","NX025-EX",,,,,,,,,,,,,,,,,,,,,,,,,,,,,
"8218cf07-6312-4330-a7e3-bb78dc34700c","C3N-00753","e8df4a55-2084-46d4-98db-0c3abe5d1fde","C3N-00753-EX",,,,,,,,,,,,,,,,,,,,,,,,,,,,,
"6aecf005-aecb-4438-b591-b82d30baa842","C3N-02030","ea55bf6f-4cdf-4c04-842f-1eb714d370b1","C3N-02030-EX",,,"No","Lifelong Non-Drinker",,,,,,,,,,,,"1",,,,,,,,,,,,,
"fd785cee-89b5-404a-9d5a-f6608db928e7","C3L-01672","2d39729f-1cf4-4748-8fe4-468f946b1347","C3L-01672-EX",,,"No","Lifelong Non-Drinker",,,,,,,,,,,,"1",,,,,,,,,,,,,
"dc4c0919-e02b-4c2f-8a43-2102cf535bca","C3N-02636","7cd83cea-4d35-4fd1-854c-606513617cd2","C3N-02636-EX",,,"No","Lifelong Non-Drinker",,,,,,,,,,,,"1",,,,,,,,,,,,,
"202a6ed9-9417-4436-bebd-30d8d560276b","C3N-03767","ae8221fe-989c-4848-9933-7d516a61615e","C3N-03767-EX",,,"No","Lifelong Non-Drinker",,,,,,,,,,,,"1",,,,,,,,,,,,,
"af727cc6-3100-46b0-be52-8c8eded0215d","C3L-02353","584b9dd3-b517-4c26-9424-6735cfcc31db","C3L-02353-EX",,,"Yes","Occasional Drinker",,,,,,,,,,,,"1",,,,,,,,,,,,,
"fb670370-be43-4608-83d2-f2ae18484b28","C3N-01843","d25f1107-cf1f-42ed-a338-5fb0c92463d2","C3N-01843-EX",,,"Yes","Occasional Drinker",,"10.0",,,"12.5",,,,,"1991",,"2",,,"32.0",,,,,,,,,,
"b988a348-eb1d-4725-a5ab-0f94eea576d6","C3N-00732","5df34ec9-b5ed-4e20-9b78-01f2dcc50ed1","C3N-00732-EX",,,"No","Lifelong Non-Drinker",,,,,,,,,,,,"1",,,,,,,,,,,,,
"7f53bd9a-71e0-4c91-982a-f7ec8496bf4e","C3L-03143","72a78479-94e3-4456-91e4-01dc8c7e2026","C3L-03143-EX",,,"No","Lifelong Non-Drinker",,,,,,,,,,,,"1",,,,,,,,,,,,,
"baa53a6c-e81c-45a6-92c9-8b9c6f0632db","C3L-02347","c86bc43b-0d98-41f1-983b-b5a8532c591c","C3L-02347-EX",,,"Not Reported","Unknown",,,,,,,,,,,,"1",,,,,,,,,,,,,
"b85900d3-7ec2-4f21-9b0e-f58d42ccccbb","C3N-01879","605edc33-6358-4d5a-983d-31a32936ca44","C3N-01879-EX",,,"No","Lifelong Non-Drinker",,,,,,,,,,,,"1",,,,,,,,,,,,,
"c3112d27-f661-4e23-8344-fb446cccd32b","C3L-01840","77e2ebdc-b73f-4de4-93dd-a5ca65a9eba6","C3L-01840-EX",,,"Not Reported","Unknown",,,,,,,,,,,,"1",,,,,,,,,,,,,
"f946f751-b5ac-4940-b869-accbc3765257","C3N-02637","ba894a56-245d-4df1-bdbd-41dbf66f7cf2","C3N-02637-EX",,,"No","Lifelong Non-Drinker",,,,,,,,,,,,"1",,,,,,,,,,,,,
"bc2e2a27-9d23-4749-a2b4-ce6bbcad85b7","C3L-02408","cd8aadd7-1c1c-4acc-891b-dfccf13d4979","C3L-02408-EX",,,"Yes","Occasional Drinker",,,,,,,,,,,,"7",,,,,,,,,,,,,
"878c2f0d-3bbd-49d3-96ac-11777d884893","C3N-01008","93150828-5967-4419-83f7-8a4dc7bcdb19","C3N-01008-EX",,,"No","Lifelong Non-Drinker",,"20.0",,,"48.0",,,,,"1968",,"2","Smoke exposure, NOS",,"55.0",,,,,,,,"Yes",,
"47ab50d9-2905-41ac-825e-dc3370dd5eb1","C3L-01639","38e0e778-c95b-409c-93f6-4204caa4c273","C3L-01639-EX",,,"No","Lifelong Non-Drinker",,"20.0",,,"3.0",,,,,"1963","1966","3",,,"3.0",,,,,,,,,,
"e54b0487-4eac-4d6f-8491-3bbdbf23614a","NX038","f8323a1b-f5e1-48ee-8ed1-e7c818d7af7e","NX038-EX",,,,,,,,,,,,,,,,,,,,,,,,,,,,,
"99f28016-6f48-46d2-b9eb-5ec1727a1fee","C3L-01729","c5f3eded-3cf6-4375-bef9-209ed211fced","C3L-01729-EX",,,"No","Lifelong Non-Drinker",,,,,,,,,,,,"1",,,,,,,,,,,,,
"172fa521-c7b8-4b12-b306-7b147f1a283d","C3N-01765","4fedc397-669d-4594-853f-4334a119f772","C3N-01765-EX",,,"No","Lifelong Non-Drinker",,,,,,,,,,,,"1",,,,,,,,,,,,,
"d9bb3679-4610-4ab7-9ebc-9059f5db23c7","NX019","2db692f3-e772-45f0-8c9e-fb22f5fc1d95","NX019-EX",,,,,,,,,,,,,,,,,,,,,,,,,,,,,
"fc0205dc-9920-44e2-939e-e8bd7c2737ae","NX030","47bf7caf-6a89-4149-8e8b-dce18e178907","NX030-EX",,,,,,,,,,,,,,,,,,,,,,,,,,,,,
"93988c5e-79b7-4b9b-8c2c-e2de477268be","C3L-02557","13e0589d-ac27-4d2a-9e4a-9582dd66a8b8","C3L-02557-EX",,,"Not Reported","Unknown",,,,,,,,,,,,"1",,,,,,,,,,,,,
"2945b77e-33ec-470b-93ab-a7052251b9f5","NX029","98afdcac-ee97-4773-aa7b-24fa4598826e","NX029-EX",,,,,,,,,,,,,,,,,,,,,,,,,,,,,
"34318a9c-8e98-448d-835b-5fb7d2789217","C3L-02382","ee145bb2-70be-4498-9bd9-c7338a38464a","C3L-02382-EX",,,"Yes","Non-Drinker",,,,,,,,,,"1978",,"2",,,"45.0",,,,,,,,,,
"7d6fbd07-9bfc-437e-9d67-2cf7f008fa21","C3L-02403","84106390-3c1f-471f-bd1a-53ac32bca39b","C3L-02403-EX",,,"No","Lifelong Non-Drinker",,,,,,,,,,,,"5",,,,,,,,,,,,,
"26f4d1fa-ee01-4bf5-b0d2-766619d20a5c","C3L-01732","16f2e99c-db25-4e46-ab5c-73342c14c353","C3L-01732-EX",,,"Yes","Occasional Drinker",,,,,,,,,,,,"1",,,,,,,,,,,,,
"8dfb4b6d-da44-4873-a312-1f04dc296d94","C3N-02595","909f86ad-25d0-445b-8d34-9d5b5cfaebc3","C3N-02595-EX",,,"No","Lifelong Non-Drinker",,,,,,,,,,,,"1",,,,,,,,,,,,,
"e799c252-9519-42d5-9ce8-dda625bfa323","NX023","db81e83a-405a-48ef-9ef3-fab19c169bee","NX023-EX",,,,,,,,,,,,,,,,,,,,,,,,,,,,,
"761dc1a7-720d-458f-b8b3-639674546cb0","C3N-02437","ea885049-5802-438d-960d-20b48e8e049e","C3N-02437-EX",,,"No","Lifelong Non-Drinker",,,,,,,,,,,,"1",,,,,,,,,,,,,
"f2cbeec4-baa8-4e6c-b61b-11166d5438c7","C3L-02399","f8da726a-215a-4ea0-a990-b2e069b99376","C3L-02399-EX",,,"Not Reported","Unknown",,,,,,,,,,,,"7",,,,,,,,,,,,,
"b89cddd6-7cfb-44c7-8e16-a2e55810dc83","C3L-02894","2c533a23-02dc-4de6-a666-53d2b4bd7951","C3L-02894-EX",,,"Yes","Occasional Drinker",,,,,,,,,,,,"1",,,,,,,,,,,,,
"bcd05dfe-d499-4f4b-bef9-12205ac394b6","C3L-02384","7e32f4e7-1f6f-4479-bc30-3d6f539ee95b","C3L-02384-EX",,,"No","Lifelong Non-Drinker",,,,,,,,,,,,"1",,,,,,,,,,,,,
"a73281f0-258d-44d2-ab2c-e58d9794a6a2","C3N-01079","02632480-e1c4-446a-b5fd-a67770ac8d32","C3N-01079-EX",,,,,,,,,,,,,,,,,,,,,,,,,,,,,
"70eaedcb-0537-4122-b8f5-2d91d3fce5b2","C3N-03005","3c70b01f-9229-486b-8c29-47152e72f591","C3N-03005-EX",,,"No","Lifelong Non-Drinker",,,,,,,,,,,,"1",,,,,,,,,,,,,
"c03d373a-86f1-4837-90e0-27ff5833b14c","NX034","e389a2b8-98c0-451d-8c97-d19b0f5d3d0f","NX034-EX",,,,,,,,,,,,,,,,,,,,,,,,,,,,,
