﻿"Aliquot ID","Aliquot Submitter ID","Sample ID","Sample Submitter ID","Case ID","Case Submitter ID","Project Name","Sample Type","Primary Site","Disease Type","Aliquot Is Ref","Aliquot Status","Aliquot Quantity","Aliquot Volume","Amount","Analyte Type","Concentration","Case Status","Sample Status","Sample Is Ref","Biospecimen Anatomic Site","Composition","Current Weight","Days To Collection","Days To Sample Procurement","Diagnosis Pathologically Confirmed","Freezing Method","Initial Weight","Intermediate Dimension","Longest Dimension","Method Of Sample Procurement","Pathology Report UUID","Preservation Method","Sample Type id","Sample Ordinal","Shortest Dimension","Time Between Clamping And Freezing","Time Between Excision and Freezing","Tissue Collection Type","Tissue Type","Tumor Code","Tumor Code ID","Tumor Descriptor","Program Name"
"104dc141-2139-11ea-aee1-0e1aae319e49","CPT0206330003","104d2868-2139-11ea-aee1-0e1aae319e49","C3N-02788-01","104c7a9a-2139-11ea-aee1-0e1aae319e49","C3N-02788","CPTAC3 Discovery and Confirmatory","Primary Tumor","Brain","Glioblastoma","no","Qualified","","","","","","Qualified","Qualified","","","","","","","","","","","","","","","","","","","","","","","","","Clinical Proteomic Tumor Analysis Consortium"
"104da8e7-2139-11ea-aee1-0e1aae319e49","CPT0186100003","104d0931-2139-11ea-aee1-0e1aae319e49","C3N-01851-01","104c6224-2139-11ea-aee1-0e1aae319e49","C3N-01851","CPTAC3 Discovery and Confirmatory","Primary Tumor","Brain","Glioblastoma","no","Qualified","","","","","","Qualified","Qualified","","","","","","","","","","","","","","","","","","","","","","","","","Clinical Proteomic Tumor Analysis Consortium"
"104d53a6-2139-11ea-aee1-0e1aae319e49","CPT0123530003","104ca288-2139-11ea-aee1-0e1aae319e49","C3L-01045-03","104c0df1-2139-11ea-aee1-0e1aae319e49","C3L-01045","CPTAC3 Discovery and Confirmatory","Primary Tumor","Brain","Glioblastoma","no","Qualified","","","","","","Qualified","Qualified","","","","","","","","","","","","","","","","","","","","","","","","","Clinical Proteomic Tumor Analysis Consortium"
"104d6965-2139-11ea-aee1-0e1aae319e49","CPT0201710003","104cc2e6-2139-11ea-aee1-0e1aae319e49","C3L-02642-03","104c273b-2139-11ea-aee1-0e1aae319e49","C3L-02642","CPTAC3 Discovery and Confirmatory","Primary Tumor","Brain","Glioblastoma","no","Qualified","","","","","","Qualified","Qualified","","","","","","","","","","","","","","","","","","","","","","","","","Clinical Proteomic Tumor Analysis Consortium"
"104d865c-2139-11ea-aee1-0e1aae319e49","CPT0216920008","104ce116-2139-11ea-aee1-0e1aae319e49","C3L-03744-71","104c407d-2139-11ea-aee1-0e1aae319e49","C3L-03744","CPTAC3 Discovery and Confirmatory","Primary Tumor","Brain","Glioblastoma","no","Qualified","","","","","","Qualified","Qualified","","","","","","","","","","","","","","","","","","","","","","","","","Clinical Proteomic Tumor Analysis Consortium"
"104d5e43-2139-11ea-aee1-0e1aae319e49","CPT0218890004","104cb472-2139-11ea-aee1-0e1aae319e49","C3L-01155-01, C3L-01155-02","104c1938-2139-11ea-aee1-0e1aae319e49","C3L-01155","CPTAC3 Discovery and Confirmatory","Primary Tumor","Brain","Glioblastoma","no","Qualified","","","","","","Qualified","Qualified","","","","","","","","","","","","","","","","","","","","","","","","","Clinical Proteomic Tumor Analysis Consortium"
"104d7b5a-2139-11ea-aee1-0e1aae319e49","CPT0224390004","104cd4dc-2139-11ea-aee1-0e1aae319e49","C3L-03390-03","104c35a5-2139-11ea-aee1-0e1aae319e49","C3L-03390","CPTAC3 Discovery and Confirmatory","Primary Tumor","Brain","Glioblastoma","no","Qualified","","","","","","Qualified","Qualified","","","","","","","","","","","","","","","","","","","","","","","","","Clinical Proteomic Tumor Analysis Consortium"
"104dd557-2139-11ea-aee1-0e1aae319e49","CPT0204390003","104d4089-2139-11ea-aee1-0e1aae319e49","GTEX-R55F-0011-R10A-SM-HAKXY","104c8c6e-2139-11ea-aee1-0e1aae319e49","GTEX-R55F-0011-R10A-SM-HAKXY","CPTAC3 Discovery and Confirmatory","Solid Tissue Normal","Brain","Other","no","Qualified","","","","","","Qualified","Qualified","","","","","","","","","","","","","","","","","","","","","","","","","Clinical Proteomic Tumor Analysis Consortium"
"104d98c9-2139-11ea-aee1-0e1aae319e49","CPT0093590003","104cf7f7-2139-11ea-aee1-0e1aae319e49","C3N-01368-03","104c5325-2139-11ea-aee1-0e1aae319e49","C3N-01368","CPTAC3 Discovery and Confirmatory","Primary Tumor","Brain","Glioblastoma","no","Qualified","","","","","","Qualified","Qualified","","","","","","","","","","","","","","","","","","","","","","","","","Clinical Proteomic Tumor Analysis Consortium"
"104da191-2139-11ea-aee1-0e1aae319e49","CPT0167750004","104d009a-2139-11ea-aee1-0e1aae319e49","C3N-01798-01, C3N-01798-02","104c5b6d-2139-11ea-aee1-0e1aae319e49","C3N-01798","CPTAC3 Discovery and Confirmatory","Primary Tumor","Brain","Glioblastoma","no","Qualified","","","","","","Qualified","Qualified","","","","","","","","","","","","","","","","","","","","","","","","","Clinical Proteomic Tumor Analysis Consortium"
"104dd91c-2139-11ea-aee1-0e1aae319e49","CPT0204400003","104d4618-2139-11ea-aee1-0e1aae319e49","GTEX-WVLH-0011-R10A-SM-HAKXZ","104c92ad-2139-11ea-aee1-0e1aae319e49","GTEX-WVLH-0011-R10A-SM-HAKXZ","CPTAC3 Discovery and Confirmatory","Solid Tissue Normal","Brain","Other","no","Qualified","","","","","","Qualified","Qualified","","","","","","","","","","","","","","","","","","","","","","","","","Clinical Proteomic Tumor Analysis Consortium"
"104d9c72-2139-11ea-aee1-0e1aae319e49","CPT0079790003","104cfc7f-2139-11ea-aee1-0e1aae319e49","C3N-01515-01","104c56ef-2139-11ea-aee1-0e1aae319e49","C3N-01515","CPTAC3 Discovery and Confirmatory","Primary Tumor","Brain","Glioblastoma","no","Qualified","","","","","","Qualified","Qualified","","","","","","","","","","","","","","","","","","","","","","","","","Clinical Proteomic Tumor Analysis Consortium"
"104d5adc-2139-11ea-aee1-0e1aae319e49","CPT0218690004","104caf0a-2139-11ea-aee1-0e1aae319e49","C3L-01146-02, C3L-01146-05","104c1581-2139-11ea-aee1-0e1aae319e49","C3L-01146","CPTAC3 Discovery and Confirmatory","Primary Tumor","Brain","Glioblastoma","no","Qualified","","","","","","Qualified","Qualified","","","","","","","","","","","","","","","","","","","","","","","","","Clinical Proteomic Tumor Analysis Consortium"
"104dcef5-2139-11ea-aee1-0e1aae319e49","CPT0204370003","104d3972-2139-11ea-aee1-0e1aae319e49","GTEX-NPJ7-0011-R10A-SM-HAKXW","104c8607-2139-11ea-aee1-0e1aae319e49","GTEX-NPJ7-0011-R10A-SM-HAKXW","CPTAC3 Discovery and Confirmatory","Solid Tissue Normal","Brain","Other","no","Qualified","","","","","","Qualified","Qualified","","","","","","","","","","","","","","","","","","","","","","","","","Clinical Proteomic Tumor Analysis Consortium"
"104d689c-2139-11ea-aee1-0e1aae319e49","CPT0161730003","104cc1cb-2139-11ea-aee1-0e1aae319e49","C3L-02542-03","104c257c-2139-11ea-aee1-0e1aae319e49","C3L-02542","CPTAC3 Discovery and Confirmatory","Primary Tumor","Brain","Glioblastoma","no","Qualified","","","","","","Qualified","Qualified","","","","","","","","","","","","","","","","","","","","","","","","","Clinical Proteomic Tumor Analysis Consortium"
"104db237-2139-11ea-aee1-0e1aae319e49","CPT0168720003","104d13fb-2139-11ea-aee1-0e1aae319e49","C3N-02186-03","104c6aa6-2139-11ea-aee1-0e1aae319e49","C3N-02186","CPTAC3 Discovery and Confirmatory","Primary Tumor","Brain","Glioblastoma","no","Qualified","","","","","","Qualified","Qualified","","","","","","","","","","","","","","","","","","","","","","","","","Clinical Proteomic Tumor Analysis Consortium"
"104dc9cb-2139-11ea-aee1-0e1aae319e49","CPT0206880003","104d3385-2139-11ea-aee1-0e1aae319e49","C3N-03186-01","104c8277-2139-11ea-aee1-0e1aae319e49","C3N-03186","CPTAC3 Discovery and Confirmatory","Primary Tumor","Brain","Glioblastoma","no","Qualified","","","","","","Qualified","Qualified","","","","","","","","","","","","","","","","","","","","","","","","","Clinical Proteomic Tumor Analysis Consortium"
"104d6c2d-2139-11ea-aee1-0e1aae319e49","CPT0189650004","104cc5fd-2139-11ea-aee1-0e1aae319e49","C3L-02705-71, C3L-02705-72, C3L-02705-75","104c291d-2139-11ea-aee1-0e1aae319e49","C3L-02705","CPTAC3 Discovery and Confirmatory","Primary Tumor","Brain","Glioblastoma","no","Qualified","","","","","","Qualified","Qualified","","","","","","","","","","","","","","","","","","","","","","","","","Clinical Proteomic Tumor Analysis Consortium"
"104dd67c-2139-11ea-aee1-0e1aae319e49","CPT0204350003","104d4190-2139-11ea-aee1-0e1aae319e49","GTEX-RN5K-0011-R10A-SM-HAKXU","104c8d61-2139-11ea-aee1-0e1aae319e49","GTEX-RN5K-0011-R10A-SM-HAKXU","CPTAC3 Discovery and Confirmatory","Solid Tissue Normal","Brain","Other","no","Qualified","","","","","","Qualified","Qualified","","","","","","","","","","","","","","","","","","","","","","","","","Clinical Proteomic Tumor Analysis Consortium"
"104daedf-2139-11ea-aee1-0e1aae319e49","CPT0168380003","104d0f6d-2139-11ea-aee1-0e1aae319e49","C3N-02181-02","104c66c7-2139-11ea-aee1-0e1aae319e49","C3N-02181","CPTAC3 Discovery and Confirmatory","Primary Tumor","Brain","Glioblastoma","no","Qualified","","","","","","Qualified","Qualified","","","","","","","","","","","","","","","","","","","","","","","","","Clinical Proteomic Tumor Analysis Consortium"
"104dbb9a-2139-11ea-aee1-0e1aae319e49","CPT0205890003","104d2257-2139-11ea-aee1-0e1aae319e49","C3N-02783-05","104c757a-2139-11ea-aee1-0e1aae319e49","C3N-02783","CPTAC3 Discovery and Confirmatory","Primary Tumor","Brain","Glioblastoma","no","Qualified","","","","","","Qualified","Qualified","","","","","","","","","","","","","","","","","","","","","","","","","Clinical Proteomic Tumor Analysis Consortium"
"104d746c-2139-11ea-aee1-0e1aae319e49","CPT0217880003","104cce1d-2139-11ea-aee1-0e1aae319e49","C3L-02970-03","104c2f4b-2139-11ea-aee1-0e1aae319e49","C3L-02970","CPTAC3 Discovery and Confirmatory","Primary Tumor","Brain","Glioblastoma","no","Qualified","","","","","","Qualified","Qualified","","","","","","","","","","","","","","","","","","","","","","","","","Clinical Proteomic Tumor Analysis Consortium"
"104dc5b4-2139-11ea-aee1-0e1aae319e49","CPT0206560003","104d2e02-2139-11ea-aee1-0e1aae319e49","C3N-03182-02","104c7ef9-2139-11ea-aee1-0e1aae319e49","C3N-03182","CPTAC3 Discovery and Confirmatory","Primary Tumor","Brain","Glioblastoma","no","Qualified","","","","","","Qualified","Qualified","","","","","","","","","","","","","","","","","","","","","","","","","Clinical Proteomic Tumor Analysis Consortium"
"104d8d24-2139-11ea-aee1-0e1aae319e49","CPT0087680003","104ce971-2139-11ea-aee1-0e1aae319e49","C3N-00662-03","104c4900-2139-11ea-aee1-0e1aae319e49","C3N-00662","CPTAC3 Discovery and Confirmatory","Primary Tumor","Brain","Glioblastoma","no","Qualified","","","","","","Qualified","Qualified","","","","","","","","","","","","","","","","","","","","","","","","","Clinical Proteomic Tumor Analysis Consortium"
"104dbd9d-2139-11ea-aee1-0e1aae319e49","CPT0206000004","104d2464-2139-11ea-aee1-0e1aae319e49","C3N-02784-01, C3N-02784-03","104c772f-2139-11ea-aee1-0e1aae319e49","C3N-02784","CPTAC3 Discovery and Confirmatory","Primary Tumor","Brain","Glioblastoma","no","Qualified","","","","","","Qualified","Qualified","","","","","","","","","","","","","","","","","","","","","","","","","Clinical Proteomic Tumor Analysis Consortium"
"104d7175-2139-11ea-aee1-0e1aae319e49","CPT0218670003","104ccb54-2139-11ea-aee1-0e1aae319e49","C3L-02900-01","104c2c9e-2139-11ea-aee1-0e1aae319e49","C3L-02900","CPTAC3 Discovery and Confirmatory","Primary Tumor","Brain","Glioblastoma","no","Qualified","","","","","","Qualified","Qualified","","","","","","","","","","","","","","","","","","","","","","","","","Clinical Proteomic Tumor Analysis Consortium"
"104dd218-2139-11ea-aee1-0e1aae319e49","CPT0204340003","104d3d7e-2139-11ea-aee1-0e1aae319e49","GTEX-Q2AG-0011-R10A-SM-HAKXT","104c88e0-2139-11ea-aee1-0e1aae319e49","GTEX-Q2AG-0011-R10A-SM-HAKXT","CPTAC3 Discovery and Confirmatory","Solid Tissue Normal","Brain","Other","no","Qualified","","","","","","Qualified","Qualified","","","","","","","","","","","","","","","","","","","","","","","","","Clinical Proteomic Tumor Analysis Consortium"
"104d6e77-2139-11ea-aee1-0e1aae319e49","CPT0189850004","104cc808-2139-11ea-aee1-0e1aae319e49","C3L-02707-71, C3L-02707-72, C3L-02707-75","104c2aed-2139-11ea-aee1-0e1aae319e49","C3L-02707","CPTAC3 Discovery and Confirmatory","Primary Tumor","Brain","Glioblastoma","no","Qualified","","","","","","Qualified","Qualified","","","","","","","","","","","","","","","","","","","","","","","","","Clinical Proteomic Tumor Analysis Consortium"
"104d7a84-2139-11ea-aee1-0e1aae319e49","CPT0224330003","104cd3d3-2139-11ea-aee1-0e1aae319e49","C3L-03387-01","104c33ac-2139-11ea-aee1-0e1aae319e49","C3L-03387","CPTAC3 Discovery and Confirmatory","Primary Tumor","Brain","Glioblastoma","no","Qualified","","","","","","Qualified","Qualified","","","","","","","","","","","","","","","","","","","","","","","","","Clinical Proteomic Tumor Analysis Consortium"
"104d5a05-2139-11ea-aee1-0e1aae319e49","CPT0218330004","104cad0e-2139-11ea-aee1-0e1aae319e49","C3L-01142-01, C3L-01142-02","104c14b2-2139-11ea-aee1-0e1aae319e49","C3L-01142","CPTAC3 Discovery and Confirmatory","Primary Tumor","Brain","Glioblastoma","no","Qualified","","","","","","Qualified","Qualified","","","","","","","","","","","","","","","","","","","","","","","","","Clinical Proteomic Tumor Analysis Consortium"
"104d9f5d-2139-11ea-aee1-0e1aae319e49","CPT0167640003","104cff54-2139-11ea-aee1-0e1aae319e49","C3N-01518-01","104c5a8f-2139-11ea-aee1-0e1aae319e49","C3N-01518","CPTAC3 Discovery and Confirmatory","Primary Tumor","Brain","Glioblastoma","no","Qualified","","","","","","Qualified","Qualified","","","","","","","","","","","","","","","","","","","","","","","","","Clinical Proteomic Tumor Analysis Consortium"
"104d4e99-2139-11ea-aee1-0e1aae319e49","CPT0002410011","104c9aa3-2139-11ea-aee1-0e1aae319e49","C3L-00365-01","104c0852-2139-11ea-aee1-0e1aae319e49","C3L-00365","CPTAC3 Discovery and Confirmatory","Primary Tumor","Brain","Glioblastoma","no","Qualified","","","","","","Qualified","Qualified","","","","","","","","","","","","","","","","","","","","","","","","","Clinical Proteomic Tumor Analysis Consortium"
"104d9534-2139-11ea-aee1-0e1aae319e49","CPT0093450003","104cf31d-2139-11ea-aee1-0e1aae319e49","C3N-01364-02","104c4fbb-2139-11ea-aee1-0e1aae319e49","C3N-01364","CPTAC3 Discovery and Confirmatory","Primary Tumor","Brain","Glioblastoma","no","Qualified","","","","","","Qualified","Qualified","","","","","","","","","","","","","","","","","","","","","","","","","Clinical Proteomic Tumor Analysis Consortium"
"104dbe80-2139-11ea-aee1-0e1aae319e49","CPT0206110003","104d25b1-2139-11ea-aee1-0e1aae319e49","C3N-02785-01","104c780c-2139-11ea-aee1-0e1aae319e49","C3N-02785","CPTAC3 Discovery and Confirmatory","Primary Tumor","Brain","Glioblastoma","no","Qualified","","","","","","Qualified","Qualified","","","","","","","","","","","","","","","","","","","","","","","","","Clinical Proteomic Tumor Analysis Consortium"
"104d578d-2139-11ea-aee1-0e1aae319e49","CPT0217430008","104ca845-2139-11ea-aee1-0e1aae319e49","C3L-01049-01","104c11d9-2139-11ea-aee1-0e1aae319e49","C3L-01049","CPTAC3 Discovery and Confirmatory","Primary Tumor","Brain","Glioblastoma","no","Qualified","","","","","","Qualified","Qualified","","","","","","","","","","","","","","","","","","","","","","","","","Clinical Proteomic Tumor Analysis Consortium"
"104d8818-2139-11ea-aee1-0e1aae319e49","CPT0217000004","104ce2d4-2139-11ea-aee1-0e1aae319e49","C3L-03747-01, C3L-03747-02, C3L-03747-03","104c415d-2139-11ea-aee1-0e1aae319e49","C3L-03747","CPTAC3 Discovery and Confirmatory","Primary Tumor","Brain","Glioblastoma","no","Disqualified","","","","","","Disqualified","Disqualified","","","","","","","","","","","","","","","","","","","","","","","","","Clinical Proteomic Tumor Analysis Consortium"
"104d7250-2139-11ea-aee1-0e1aae319e49","CPT0196850003","104ccc63-2139-11ea-aee1-0e1aae319e49","C3L-02955-01","104c2e6e-2139-11ea-aee1-0e1aae319e49","C3L-02955","CPTAC3 Discovery and Confirmatory","Primary Tumor","Brain","Glioblastoma","no","Qualified","","","","","","Qualified","Qualified","","","","","","","","","","","","","","","","","","","","","","","","","Clinical Proteomic Tumor Analysis Consortium"
"104d7772-2139-11ea-aee1-0e1aae319e49","CPT0189250003","104cd0f8-2139-11ea-aee1-0e1aae319e49","C3L-03260-01","104c3202-2139-11ea-aee1-0e1aae319e49","C3L-03260","CPTAC3 Discovery and Confirmatory","Primary Tumor","Brain","Glioblastoma","no","Qualified","","","","","","Qualified","Qualified","","","","","","","","","","","","","","","","","","","","","","","","","Clinical Proteomic Tumor Analysis Consortium"
"104d6f54-2139-11ea-aee1-0e1aae319e49","CPT0189570004","104cc964-2139-11ea-aee1-0e1aae319e49","C3L-02708-01, C3L-02708-02","104c2bce-2139-11ea-aee1-0e1aae319e49","C3L-02708","CPTAC3 Discovery and Confirmatory","Primary Tumor","Brain","Glioblastoma","no","Qualified","","","","","","Qualified","Qualified","","","","","","","","","","","","","","","","","","","","","","","","","Clinical Proteomic Tumor Analysis Consortium"
"104d9ace-2139-11ea-aee1-0e1aae319e49","CPT0162020003","104cf9b3-2139-11ea-aee1-0e1aae319e49","C3N-01369-01","104c53f6-2139-11ea-aee1-0e1aae319e49","C3N-01369","CPTAC3 Discovery and Confirmatory","Primary Tumor","Brain","Glioblastoma","no","Qualified","","","","","","Qualified","Qualified","","","","","","","","","","","","","","","","","","","","","","","","","Clinical Proteomic Tumor Analysis Consortium"
"104d9e89-2139-11ea-aee1-0e1aae319e49","CPT0167530003","104cfd94-2139-11ea-aee1-0e1aae319e49","C3N-01517-01","104c5875-2139-11ea-aee1-0e1aae319e49","C3N-01517","CPTAC3 Discovery and Confirmatory","Primary Tumor","Brain","Glioblastoma","no","Qualified","","","","","","Qualified","Qualified","","","","","","","","","","","","","","","","","","","","","","","","","Clinical Proteomic Tumor Analysis Consortium"
"104dcbef-2139-11ea-aee1-0e1aae319e49","CPT0207030003","104d3564-2139-11ea-aee1-0e1aae319e49","C3N-03188-02","104c8344-2139-11ea-aee1-0e1aae319e49","C3N-03188","CPTAC3 Discovery and Confirmatory","Primary Tumor","Brain","Glioblastoma","no","Qualified","","","","","","Qualified","Qualified","","","","","","","","","","","","","","","","","","","","","","","","","Clinical Proteomic Tumor Analysis Consortium"
"104d52da-2139-11ea-aee1-0e1aae319e49","CPT0127420003","104ca0ab-2139-11ea-aee1-0e1aae319e49","C3L-01043-01","104c0d21-2139-11ea-aee1-0e1aae319e49","C3L-01043","CPTAC3 Discovery and Confirmatory","Primary Tumor","Brain","Glioblastoma","no","Qualified","","","","","","Qualified","Qualified","","","","","","","","","","","","","","","","","","","","","","","","","Clinical Proteomic Tumor Analysis Consortium"
"104db9f1-2139-11ea-aee1-0e1aae319e49","CPT0205670004","104d1e67-2139-11ea-aee1-0e1aae319e49","C3N-02770-08, C3N-02770-10","104c73ca-2139-11ea-aee1-0e1aae319e49","C3N-02770","CPTAC3 Discovery and Confirmatory","Primary Tumor","Brain","Glioblastoma","no","Qualified","","","","","","Qualified","Qualified","","","","","","","","","","","","","","","","","","","","","","","","","Clinical Proteomic Tumor Analysis Consortium"
"104dc216-2139-11ea-aee1-0e1aae319e49","CPT0208980003","104d2a27-2139-11ea-aee1-0e1aae319e49","C3N-03070-02","104c7b7e-2139-11ea-aee1-0e1aae319e49","C3N-03070","CPTAC3 Discovery and Confirmatory","Primary Tumor","Brain","Glioblastoma","no","Qualified","","","","","","Qualified","Qualified","","","","","","","","","","","","","","","","","","","","","","","","","Clinical Proteomic Tumor Analysis Consortium"
"104dc8ea-2139-11ea-aee1-0e1aae319e49","CPT0206780003","104d31af-2139-11ea-aee1-0e1aae319e49","C3N-03184-02","104c81a1-2139-11ea-aee1-0e1aae319e49","C3N-03184","CPTAC3 Discovery and Confirmatory","Primary Tumor","Brain","Glioblastoma","no","Qualified","","","","","","Qualified","Qualified","","","","","","","","","","","","","","","","","","","","","","","","","Clinical Proteomic Tumor Analysis Consortium"
"104dab4b-2139-11ea-aee1-0e1aae319e49","CPT0182500003","104d0b38-2139-11ea-aee1-0e1aae319e49","C3N-01852-04","104c62fe-2139-11ea-aee1-0e1aae319e49","C3N-01852","CPTAC3 Discovery and Confirmatory","Primary Tumor","Brain","Glioblastoma","no","Qualified","","","","","","Qualified","Qualified","","","","","","","","","","","","","","","","","","","","","","","","","Clinical Proteomic Tumor Analysis Consortium"
"104d5858-2139-11ea-aee1-0e1aae319e49","CPT0217710008","104caaf6-2139-11ea-aee1-0e1aae319e49","C3L-01061-01, C3L-01061-02","104c13d8-2139-11ea-aee1-0e1aae319e49","C3L-01061","CPTAC3 Discovery and Confirmatory","Primary Tumor","Brain","Glioblastoma","no","Qualified","","","","","","Qualified","Qualified","","","","","","","","","","","","","","","","","","","","","","","","","Clinical Proteomic Tumor Analysis Consortium"
"104db30d-2139-11ea-aee1-0e1aae319e49","CPT0168830003","104d1510-2139-11ea-aee1-0e1aae319e49","C3N-02188-03","104c6ce5-2139-11ea-aee1-0e1aae319e49","C3N-02188","CPTAC3 Discovery and Confirmatory","Primary Tumor","Brain","Glioblastoma","no","Qualified","","","","","","Qualified","Qualified","","","","","","","","","","","","","","","","","","","","","","","","","Clinical Proteomic Tumor Analysis Consortium"
"104db666-2139-11ea-aee1-0e1aae319e49","CPT0182550003","104d18c1-2139-11ea-aee1-0e1aae319e49","C3N-02255-02","104c701e-2139-11ea-aee1-0e1aae319e49","C3N-02255","CPTAC3 Discovery and Confirmatory","Primary Tumor","Brain","Glioblastoma","no","Qualified","","","","","","Qualified","Qualified","","","","","","","","","","","","","","","","","","","","","","","","","Clinical Proteomic Tumor Analysis Consortium"
"104d784e-2139-11ea-aee1-0e1aae319e49","CPT0189460003","104cd20d-2139-11ea-aee1-0e1aae319e49","C3L-03266-01","104c32dc-2139-11ea-aee1-0e1aae319e49","C3L-03266","CPTAC3 Discovery and Confirmatory","Primary Tumor","Brain","Glioblastoma","no","Qualified","","","","","","Qualified","Qualified","","","","","","","","","","","","","","","","","","","","","","","","","Clinical Proteomic Tumor Analysis Consortium"
"104da26c-2139-11ea-aee1-0e1aae319e49","CPT0167860004","104d027b-2139-11ea-aee1-0e1aae319e49","C3N-01814-01, C3N-01814-02","104c5c3e-2139-11ea-aee1-0e1aae319e49","C3N-01814","CPTAC3 Discovery and Confirmatory","Primary Tumor","Brain","Glioblastoma","no","Qualified","","","","","","Qualified","Qualified","","","","","","","","","","","","","","","","","","","","","","","","","Clinical Proteomic Tumor Analysis Consortium"
"104d9469-2139-11ea-aee1-0e1aae319e49","CPT0125220003","104cf11f-2139-11ea-aee1-0e1aae319e49","C3N-01334-03","104c4ee1-2139-11ea-aee1-0e1aae319e49","C3N-01334","CPTAC3 Discovery and Confirmatory","Primary Tumor","Brain","Glioblastoma","no","Qualified","","","","","","Qualified","Qualified","","","","","","","","","","","","","","","","","","","","","","","","","Clinical Proteomic Tumor Analysis Consortium"
"104d51ff-2139-11ea-aee1-0e1aae319e49","CPT0171580008","104c9ec7-2139-11ea-aee1-0e1aae319e49","C3L-01040-02, C3L-01040-03","104c0c43-2139-11ea-aee1-0e1aae319e49","C3L-01040","CPTAC3 Discovery and Confirmatory","Primary Tumor","Brain","Glioblastoma","no","Qualified","","","","","","Qualified","Qualified","","","","","","","","","","","","","","","","","","","","","","","","","Clinical Proteomic Tumor Analysis Consortium"
"104d8ef6-2139-11ea-aee1-0e1aae319e49","CPT0087730003","104ceb47-2139-11ea-aee1-0e1aae319e49","C3N-00663-01","104c49d4-2139-11ea-aee1-0e1aae319e49","C3N-00663","CPTAC3 Discovery and Confirmatory","Primary Tumor","Brain","Glioblastoma","no","Qualified","","","","","","Qualified","Qualified","","","","","","","","","","","","","","","","","","","","","","","","","Clinical Proteomic Tumor Analysis Consortium"
"104d6449-2139-11ea-aee1-0e1aae319e49","CPT0104330003","104cbbf4-2139-11ea-aee1-0e1aae319e49","C3L-01887-01","104c2075-2139-11ea-aee1-0e1aae319e49","C3L-01887","CPTAC3 Discovery and Confirmatory","Primary Tumor","Brain","Glioblastoma","no","Qualified","","","","","","Qualified","Qualified","","","","","","","","","","","","","","","","","","","","","","","","","Clinical Proteomic Tumor Analysis Consortium"
"104db086-2139-11ea-aee1-0e1aae319e49","CPT0168590003","104d1237-2139-11ea-aee1-0e1aae319e49","C3N-02185-01","104c69cf-2139-11ea-aee1-0e1aae319e49","C3N-02185","CPTAC3 Discovery and Confirmatory","Primary Tumor","Brain","Glioblastoma","no","Qualified","","","","","","Qualified","Qualified","","","","","","","","","","","","","","","","","","","","","","","","","Clinical Proteomic Tumor Analysis Consortium"
"104db3fb-2139-11ea-aee1-0e1aae319e49","CPT0205450004","104d16e1-2139-11ea-aee1-0e1aae319e49","C3N-02190-01, C3N-02190-02","104c6dbe-2139-11ea-aee1-0e1aae319e49","C3N-02190","CPTAC3 Discovery and Confirmatory","Primary Tumor","Brain","Glioblastoma","no","Qualified","","","","","","Qualified","Qualified","","","","","","","","","","","","","","","","","","","","","","","","","Clinical Proteomic Tumor Analysis Consortium"
"104d7d9d-2139-11ea-aee1-0e1aae319e49","CPT0219080004","104cd6a7-2139-11ea-aee1-0e1aae319e49","C3L-03392-01, C3L-03392-03","104c3685-2139-11ea-aee1-0e1aae319e49","C3L-03392","CPTAC3 Discovery and Confirmatory","Primary Tumor","Brain","Glioblastoma","no","Qualified","","","","","","Qualified","Qualified","","","","","","","","","","","","","","","","","","","","","","","","","Clinical Proteomic Tumor Analysis Consortium"
"104d8c56-2139-11ea-aee1-0e1aae319e49","CPT0087570003","104ce864-2139-11ea-aee1-0e1aae319e49","C3N-00661-01","104c47ef-2139-11ea-aee1-0e1aae319e49","C3N-00661","CPTAC3 Discovery and Confirmatory","Primary Tumor","Brain","Glioblastoma","no","Qualified","","","","","","Qualified","Qualified","","","","","","","","","","","","","","","","","","","","","","","","","Clinical Proteomic Tumor Analysis Consortium"
"104ddd46-2139-11ea-aee1-0e1aae319e49","ref","104d4bcd-2139-11ea-aee1-0e1aae319e49","ref","104c97f7-2139-11ea-aee1-0e1aae319e49","ref","CPTAC3 Discovery and Confirmatory","Not Reported","Not Reported","Other","yes","Qualified","","","","","","Qualified","Qualified","","","","","","","","","","","","","","","","","","","","","","","","","Clinical Proteomic Tumor Analysis Consortium"
"104dad38-2139-11ea-aee1-0e1aae319e49","CPT0162140003","104d0e55-2139-11ea-aee1-0e1aae319e49","C3N-01857-01, C3N-01857-02","104c65ee-2139-11ea-aee1-0e1aae319e49","C3N-01857","CPTAC3 Discovery and Confirmatory","Primary Tumor","Brain","Glioblastoma","no","Qualified","","","","","","Qualified","Qualified","","","","","","","","","","","","","","","","","","","","","","","","","Clinical Proteomic Tumor Analysis Consortium"
"104d67ca-2139-11ea-aee1-0e1aae319e49","CPT0175060003","104cbfec-2139-11ea-aee1-0e1aae319e49","C3L-02504-01","104c2495-2139-11ea-aee1-0e1aae319e49","C3L-02504","CPTAC3 Discovery and Confirmatory","Primary Tumor","Brain","Glioblastoma","no","Qualified","","","","","","Qualified","Qualified","","","","","","","","","","","","","","","","","","","","","","","","","Clinical Proteomic Tumor Analysis Consortium"
"104dbacc-2139-11ea-aee1-0e1aae319e49","CPT0205780003","104d205e-2139-11ea-aee1-0e1aae319e49","C3N-02782-01","104c74a2-2139-11ea-aee1-0e1aae319e49","C3N-02782","CPTAC3 Discovery and Confirmatory","Primary Tumor","Brain","Glioblastoma","no","Qualified","","","","","","Qualified","Qualified","","","","","","","","","","","","","","","","","","","","","","","","","Clinical Proteomic Tumor Analysis Consortium"
"104d5f10-2139-11ea-aee1-0e1aae319e49","CPT0218960004","104cb627-2139-11ea-aee1-0e1aae319e49","C3L-01156-01, C3L-01156-02","104c1b5c-2139-11ea-aee1-0e1aae319e49","C3L-01156","CPTAC3 Discovery and Confirmatory","Primary Tumor","Brain","Glioblastoma","no","Qualified","","","","","","Qualified","Qualified","","","","","","","","","","","","","","","","","","","","","","","","","Clinical Proteomic Tumor Analysis Consortium"
"104d4f76-2139-11ea-aee1-0e1aae319e49","CPT0064650003","104c9bdf-2139-11ea-aee1-0e1aae319e49","C3L-00674-71","104c0976-2139-11ea-aee1-0e1aae319e49","C3L-00674","CPTAC3 Discovery and Confirmatory","Primary Tumor","Brain","Glioblastoma","no","Qualified","","","","","","Qualified","Qualified","","","","","","","","","","","","","","","","","","","","","","","","","Clinical Proteomic Tumor Analysis Consortium"
"104d65eb-2139-11ea-aee1-0e1aae319e49","CPT0125570003","104cbedb-2139-11ea-aee1-0e1aae319e49","C3L-02465-02","104c22ff-2139-11ea-aee1-0e1aae319e49","C3L-02465","CPTAC3 Discovery and Confirmatory","Primary Tumor","Brain","Glioblastoma","no","Qualified","","","","","","Qualified","Qualified","","","","","","","","","","","","","","","","","","","","","","","","","Clinical Proteomic Tumor Analysis Consortium"
"104d8234-2139-11ea-aee1-0e1aae319e49","CPT0190360004","104cdad1-2139-11ea-aee1-0e1aae319e49","C3L-03407-01, C3L-03407-02, C3L-03407-03, C3L-03407-04, C3L-03407-05","104c3a87-2139-11ea-aee1-0e1aae319e49","C3L-03407","CPTAC3 Discovery and Confirmatory","Primary Tumor","Brain","Glioblastoma","no","Qualified","","","","","","Qualified","Qualified","","","","","","","","","","","","","","","","","","","","","","","","","Clinical Proteomic Tumor Analysis Consortium"
"104dc6c9-2139-11ea-aee1-0e1aae319e49","CPT0206670004","104d2fd5-2139-11ea-aee1-0e1aae319e49","C3N-03183-02, C3N-03183-03","104c7fc8-2139-11ea-aee1-0e1aae319e49","C3N-03183","CPTAC3 Discovery and Confirmatory","Primary Tumor","Brain","Glioblastoma","no","Qualified","","","","","","Qualified","Qualified","","","","","","","","","","","","","","","","","","","","","","","","","Clinical Proteomic Tumor Analysis Consortium"
"104dcfcb-2139-11ea-aee1-0e1aae319e49","CPT0204380003","104d3b74-2139-11ea-aee1-0e1aae319e49","GTEX-P44H-0011-R10A-SM-HAKXX","104c86dc-2139-11ea-aee1-0e1aae319e49","GTEX-P44H-0011-R10A-SM-HAKXX","CPTAC3 Discovery and Confirmatory","Solid Tissue Normal","Brain","Other","no","Qualified","","","","","","Qualified","Qualified","","","","","","","","","","","","","","","","","","","","","","","","","Clinical Proteomic Tumor Analysis Consortium"
"104d4cd6-2139-11ea-aee1-0e1aae319e49","CPT0092440003","104c98ce-2139-11ea-aee1-0e1aae319e49","C3L-00104-01","104c0406-2139-11ea-aee1-0e1aae319e49","C3L-00104","CPTAC3 Discovery and Confirmatory","Primary Tumor","Brain","Glioblastoma","no","Qualified","","","","","","Qualified","Qualified","","","","","","","","","","","","","","","","","","","","","","","","","Clinical Proteomic Tumor Analysis Consortium"
"104dac62-2139-11ea-aee1-0e1aae319e49","CPT0162100003","104d0c9a-2139-11ea-aee1-0e1aae319e49","C3N-01856-03","104c63cb-2139-11ea-aee1-0e1aae319e49","C3N-01856","CPTAC3 Discovery and Confirmatory","Primary Tumor","Brain","Glioblastoma","no","Qualified","","","","","","Qualified","Qualified","","","","","","","","","","","","","","","","","","","","","","","","","Clinical Proteomic Tumor Analysis Consortium"
"104d830a-2139-11ea-aee1-0e1aae319e49","CPT0221180003","104cdcc5-2139-11ea-aee1-0e1aae319e49","C3L-03681-03","104c3b55-2139-11ea-aee1-0e1aae319e49","C3L-03681","CPTAC3 Discovery and Confirmatory","Primary Tumor","Brain","Glioblastoma","no","Qualified","","","","","","Qualified","Qualified","","","","","","","","","","","","","","","","","","","","","","","","","Clinical Proteomic Tumor Analysis Consortium"
"104d8591-2139-11ea-aee1-0e1aae319e49","CPT0225760003","104cdfbe-2139-11ea-aee1-0e1aae319e49","C3L-03728-01","104c3e4d-2139-11ea-aee1-0e1aae319e49","C3L-03728","CPTAC3 Discovery and Confirmatory","Primary Tumor","Brain","Glioblastoma","no","Qualified","","","","","","Qualified","Qualified","","","","","","","","","","","","","","","","","","","","","","","","","Clinical Proteomic Tumor Analysis Consortium"
"104d972b-2139-11ea-aee1-0e1aae319e49","CPT0093510003","104cf505-2139-11ea-aee1-0e1aae319e49","C3N-01366-02","104c5089-2139-11ea-aee1-0e1aae319e49","C3N-01366","CPTAC3 Discovery and Confirmatory","Primary Tumor","Brain","Glioblastoma","no","Qualified","","","","","","Qualified","Qualified","","","","","","","","","","","","","","","","","","","","","","","","","Clinical Proteomic Tumor Analysis Consortium"
"104d7545-2139-11ea-aee1-0e1aae319e49","CPT0190240004","104ccf2b-2139-11ea-aee1-0e1aae319e49","C3L-02984-01, C3L-02984-02, C3L-02984-03, C3L-02984-04","104c3018-2139-11ea-aee1-0e1aae319e49","C3L-02984","CPTAC3 Discovery and Confirmatory","Primary Tumor","Brain","Glioblastoma","no","Qualified","","","","","","Qualified","Qualified","","","","","","","","","","","","","","","","","","","","","","","","","Clinical Proteomic Tumor Analysis Consortium"
"104d89c1-2139-11ea-aee1-0e1aae319e49","CPT0228220003","104ce59a-2139-11ea-aee1-0e1aae319e49","C3L-03968-01","104c44b0-2139-11ea-aee1-0e1aae319e49","C3L-03968","CPTAC3 Discovery and Confirmatory","Primary Tumor","Brain","Glioblastoma","no","Qualified","","","","","","Qualified","Qualified","","","","","","","","","","","","","","","","","","","","","","","","","Clinical Proteomic Tumor Analysis Consortium"
"104dda05-2139-11ea-aee1-0e1aae319e49","CPT0204410003","104d471b-2139-11ea-aee1-0e1aae319e49","GTEX-Y8DK-0011-R10A-SM-HAKY1","104c9383-2139-11ea-aee1-0e1aae319e49","GTEX-Y8DK-0011-R10A-SM-HAKY1","CPTAC3 Discovery and Confirmatory","Solid Tissue Normal","Brain","Other","no","Qualified","","","","","","Qualified","Qualified","","","","","","","","","","","","","","","","","","","","","","","","","Clinical Proteomic Tumor Analysis Consortium"
"104d7e76-2139-11ea-aee1-0e1aae319e49","CPT0224540004","104cd7df-2139-11ea-aee1-0e1aae319e49","C3L-03400-02","104c3751-2139-11ea-aee1-0e1aae319e49","C3L-03400","CPTAC3 Discovery and Confirmatory","Primary Tumor","Brain","Glioblastoma","no","Qualified","","","","","","Qualified","Qualified","","","","","","","","","","","","","","","","","","","","","","","","","Clinical Proteomic Tumor Analysis Consortium"
"104dc2de-2139-11ea-aee1-0e1aae319e49","CPT0209440003","104d2b32-2139-11ea-aee1-0e1aae319e49","C3N-03088-01","104c7c51-2139-11ea-aee1-0e1aae319e49","C3N-03088","CPTAC3 Discovery and Confirmatory","Primary Tumor","Brain","Glioblastoma","no","Qualified","","","","","","Qualified","Qualified","","","","","","","","","","","","","","","","","","","","","","","","","Clinical Proteomic Tumor Analysis Consortium"
"104d9ba3-2139-11ea-aee1-0e1aae319e49","CPT0089150003","104cfac9-2139-11ea-aee1-0e1aae319e49","C3N-01505-01","104c5609-2139-11ea-aee1-0e1aae319e49","C3N-01505","CPTAC3 Discovery and Confirmatory","Primary Tumor","Brain","Glioblastoma","no","Qualified","","","","","","Qualified","Qualified","","","","","","","","","","","","","","","","","","","","","","","","","Clinical Proteomic Tumor Analysis Consortium"
"104dd2f2-2139-11ea-aee1-0e1aae319e49","CPT0204360003","104d3ecc-2139-11ea-aee1-0e1aae319e49","GTEX-QVJO-0011-R10A-SM-HAKXV","104c89b9-2139-11ea-aee1-0e1aae319e49","GTEX-QVJO-0011-R10A-SM-HAKXV","CPTAC3 Discovery and Confirmatory","Solid Tissue Normal","Brain","Other","no","Qualified","","","","","","Qualified","Qualified","","","","","","","","","","","","","","","","","","","","","","","","","Clinical Proteomic Tumor Analysis Consortium"
"104da5c7-2139-11ea-aee1-0e1aae319e49","CPT0168080003","104d055c-2139-11ea-aee1-0e1aae319e49","C3N-01816-01","104c5f4b-2139-11ea-aee1-0e1aae319e49","C3N-01816","CPTAC3 Discovery and Confirmatory","Primary Tumor","Brain","Glioblastoma","no","Qualified","","","","","","Qualified","Qualified","","","","","","","","","","","","","","","","","","","","","","","","","Clinical Proteomic Tumor Analysis Consortium"
"104d938e-2139-11ea-aee1-0e1aae319e49","CPT0078580003","104cef21-2139-11ea-aee1-0e1aae319e49","C3N-01196-04","104c4d31-2139-11ea-aee1-0e1aae319e49","C3N-01196","CPTAC3 Discovery and Confirmatory","Primary Tumor","Brain","Glioblastoma","no","Qualified","","","","","","Qualified","Qualified","","","","","","","","","","","","","","","","","","","","","","","","","Clinical Proteomic Tumor Analysis Consortium"
"104d5574-2139-11ea-aee1-0e1aae319e49","CPT0127480003","104ca46c-2139-11ea-aee1-0e1aae319e49","C3L-01046-01, C3L-01046-04","104c101f-2139-11ea-aee1-0e1aae319e49","C3L-01046","CPTAC3 Discovery and Confirmatory","Primary Tumor","Brain","Glioblastoma","no","Qualified","","","","","","Qualified","Qualified","","","","","","","","","","","","","","","","","","","","","","","","","Clinical Proteomic Tumor Analysis Consortium"
"104dd81b-2139-11ea-aee1-0e1aae319e49","CPT0204420003","104d4453-2139-11ea-aee1-0e1aae319e49","GTEX-UTHO-0011-R10A-SM-HAKY2","104c9078-2139-11ea-aee1-0e1aae319e49","GTEX-UTHO-0011-R10A-SM-HAKY2","CPTAC3 Discovery and Confirmatory","Solid Tissue Normal","Brain","Other","no","Qualified","","","","","","Qualified","Qualified","","","","","","","","","","","","","","","","","","","","","","","","","Clinical Proteomic Tumor Analysis Consortium"
"104d5d69-2139-11ea-aee1-0e1aae319e49","CPT0218830004","104cb315-2139-11ea-aee1-0e1aae319e49","C3L-01154-02, C3L-01154-03","104c1862-2139-11ea-aee1-0e1aae319e49","C3L-01154","CPTAC3 Discovery and Confirmatory","Primary Tumor","Brain","Glioblastoma","no","Qualified","","","","","","Qualified","Qualified","","","","","","","","","","","","","","","","","","","","","","","","","Clinical Proteomic Tumor Analysis Consortium"
"104d84b7-2139-11ea-aee1-0e1aae319e49","CPT0225730003","104cde0e-2139-11ea-aee1-0e1aae319e49","C3L-03727-01","104c3d6f-2139-11ea-aee1-0e1aae319e49","C3L-03727","CPTAC3 Discovery and Confirmatory","Primary Tumor","Brain","Glioblastoma","no","Qualified","","","","","","Qualified","Qualified","","","","","","","","","","","","","","","","","","","","","","","","","Clinical Proteomic Tumor Analysis Consortium"
"104d8fcc-2139-11ea-aee1-0e1aae319e49","CPT0093360003","104cec4a-2139-11ea-aee1-0e1aae319e49","C3N-00665-01","104c4b82-2139-11ea-aee1-0e1aae319e49","C3N-00665","CPTAC3 Discovery and Confirmatory","Primary Tumor","Brain","Glioblastoma","no","Qualified","","","","","","Qualified","Qualified","","","","","","","","","","","","","","","","","","","","","","","","","Clinical Proteomic Tumor Analysis Consortium"
"104da811-2139-11ea-aee1-0e1aae319e49","CPT0168270003","104d0741-2139-11ea-aee1-0e1aae319e49","C3N-01818-02","104c6019-2139-11ea-aee1-0e1aae319e49","C3N-01818","CPTAC3 Discovery and Confirmatory","Primary Tumor","Brain","Glioblastoma","no","Qualified","","","","","","Qualified","Qualified","","","","","","","","","","","","","","","","","","","","","","","","","Clinical Proteomic Tumor Analysis Consortium"
"104dc4de-2139-11ea-aee1-0e1aae319e49","CPT0206450003","104d2cf4-2139-11ea-aee1-0e1aae319e49","C3N-03180-02","104c7e20-2139-11ea-aee1-0e1aae319e49","C3N-03180","CPTAC3 Discovery and Confirmatory","Primary Tumor","Brain","Glioblastoma","no","Qualified","","","","","","Qualified","Qualified","","","","","","","","","","","","","","","","","","","","","","","","","Clinical Proteomic Tumor Analysis Consortium"
"104dccc7-2139-11ea-aee1-0e1aae319e49","CPT0207090003","104d3781-2139-11ea-aee1-0e1aae319e49","C3N-03473-01","104c852f-2139-11ea-aee1-0e1aae319e49","C3N-03473","CPTAC3 Discovery and Confirmatory","Primary Tumor","Brain","Glioblastoma","no","Qualified","","","","","","Qualified","Qualified","","","","","","","","","","","","","","","","","","","","","","","","","Clinical Proteomic Tumor Analysis Consortium"
"104d6277-2139-11ea-aee1-0e1aae319e49","CPT0104220003","104cba2e-2139-11ea-aee1-0e1aae319e49","C3L-01834-02","104c1f4b-2139-11ea-aee1-0e1aae319e49","C3L-01834","CPTAC3 Discovery and Confirmatory","Primary Tumor","Brain","Glioblastoma","no","Qualified","","","","","","Qualified","Qualified","","","","","","","","","","","","","","","","","","","","","","","","","Clinical Proteomic Tumor Analysis Consortium"
"104d8116-2139-11ea-aee1-0e1aae319e49","CPT0224600003","104cd9b5-2139-11ea-aee1-0e1aae319e49","C3L-03405-01","104c39a6-2139-11ea-aee1-0e1aae319e49","C3L-03405","CPTAC3 Discovery and Confirmatory","Primary Tumor","Brain","Glioblastoma","no","Qualified","","","","","","Qualified","Qualified","","","","","","","","","","","","","","","","","","","","","","","","","Clinical Proteomic Tumor Analysis Consortium"
"104d918a-2139-11ea-aee1-0e1aae319e49","CPT0087950003","104cee1a-2139-11ea-aee1-0e1aae319e49","C3N-01192-05","104c4c5f-2139-11ea-aee1-0e1aae319e49","C3N-01192","CPTAC3 Discovery and Confirmatory","Primary Tumor","Brain","Glioblastoma","no","Qualified","","","","","","Qualified","Qualified","","","","","","","","","","","","","","","","","","","","","","","","","Clinical Proteomic Tumor Analysis Consortium"
"104dd74e-2139-11ea-aee1-0e1aae319e49","CPT0204330003","104d434a-2139-11ea-aee1-0e1aae319e49","GTEX-RU72-0011-R10A-SM-HAKXS","104c8f7f-2139-11ea-aee1-0e1aae319e49","GTEX-RU72-0011-R10A-SM-HAKXS","CPTAC3 Discovery and Confirmatory","Solid Tissue Normal","Brain","Other","no","Qualified","","","","","","Qualified","Qualified","","","","","","","","","","","","","","","","","","","","","","","","","Clinical Proteomic Tumor Analysis Consortium"
"104d60d7-2139-11ea-aee1-0e1aae319e49","CPT0199770003","104cb73b-2139-11ea-aee1-0e1aae319e49","C3L-01157-03","104c1c36-2139-11ea-aee1-0e1aae319e49","C3L-01157","CPTAC3 Discovery and Confirmatory","Primary Tumor","Brain","Glioblastoma","no","Qualified","","","","","","Qualified","Qualified","","","","","","","","","","","","","","","","","","","","","","","","","Clinical Proteomic Tumor Analysis Consortium"
"104db824-2139-11ea-aee1-0e1aae319e49","CPT0205570003","104d1c5f-2139-11ea-aee1-0e1aae319e49","C3N-02769-02","104c7225-2139-11ea-aee1-0e1aae319e49","C3N-02769","CPTAC3 Discovery and Confirmatory","Primary Tumor","Brain","Glioblastoma","no","Qualified","","","","","","Qualified","Qualified","","","","","","","","","","","","","","","","","","","","","","","","","Clinical Proteomic Tumor Analysis Consortium"
"104d9800-2139-11ea-aee1-0e1aae319e49","CPT0093550003","104cf6e0-2139-11ea-aee1-0e1aae319e49","C3N-01367-02","104c524a-2139-11ea-aee1-0e1aae319e49","C3N-01367","CPTAC3 Discovery and Confirmatory","Primary Tumor","Brain","Glioblastoma","no","Qualified","","","","","","Qualified","Qualified","","","","","","","","","","","","","","","","","","","","","","","","","Clinical Proteomic Tumor Analysis Consortium"
"104da4ea-2139-11ea-aee1-0e1aae319e49","CPT0167970003","104d0454-2139-11ea-aee1-0e1aae319e49","C3N-01815-01","104c5e6c-2139-11ea-aee1-0e1aae319e49","C3N-01815","CPTAC3 Discovery and Confirmatory","Primary Tumor","Brain","Glioblastoma","no","Qualified","","","","","","Qualified","Qualified","","","","","","","","","","","","","","","","","","","","","","","","","Clinical Proteomic Tumor Analysis Consortium"
"104db75a-2139-11ea-aee1-0e1aae319e49","CPT0182580003","104d19c5-2139-11ea-aee1-0e1aae319e49","C3N-02256-01","104c7150-2139-11ea-aee1-0e1aae319e49","C3N-02256","CPTAC3 Discovery and Confirmatory","Primary Tumor","Brain","Glioblastoma","no","Qualified","","","","","","Qualified","Qualified","","","","","","","","","","","","","","","","","","","","","","","","","Clinical Proteomic Tumor Analysis Consortium"
"104dafb5-2139-11ea-aee1-0e1aae319e49","CPT0168480003","104d1123-2139-11ea-aee1-0e1aae319e49","C3N-02183-01","104c679a-2139-11ea-aee1-0e1aae319e49","C3N-02183","CPTAC3 Discovery and Confirmatory","Primary Tumor","Brain","Glioblastoma","no","Qualified","","","","","","Qualified","Qualified","","","","","","","","","","","","","","","","","","","","","","","","","Clinical Proteomic Tumor Analysis Consortium"
"104dbf54-2139-11ea-aee1-0e1aae319e49","CPT0206230003","104d2761-2139-11ea-aee1-0e1aae319e49","C3N-02786-02","104c78dc-2139-11ea-aee1-0e1aae319e49","C3N-02786","CPTAC3 Discovery and Confirmatory","Primary Tumor","Brain","Glioblastoma","no","Qualified","","","","","","Qualified","Qualified","","","","","","","","","","","","","","","","","","","","","","","","","Clinical Proteomic Tumor Analysis Consortium"
"104d6b55-2139-11ea-aee1-0e1aae319e49","CPT0189750004","104cc4d7-2139-11ea-aee1-0e1aae319e49","C3L-02704-71, C3L-02704-72, C3L-02704-73","104c2847-2139-11ea-aee1-0e1aae319e49","C3L-02704","CPTAC3 Discovery and Confirmatory","Primary Tumor","Brain","Glioblastoma","no","Qualified","","","","","","Qualified","Qualified","","","","","","","","","","","","","","","","","","","","","","","","","Clinical Proteomic Tumor Analysis Consortium"
"104d8b82-2139-11ea-aee1-0e1aae319e49","CPT0217100003","104ce6a7-2139-11ea-aee1-0e1aae319e49","C3L-04084-04","104c46fd-2139-11ea-aee1-0e1aae319e49","C3L-04084","CPTAC3 Discovery and Confirmatory","Primary Tumor","Brain","Glioblastoma","no","Qualified","","","","","","Qualified","Qualified","","","","","","","","","","","","","","","","","","","","","","","","","Clinical Proteomic Tumor Analysis Consortium"
"104d61ac-2139-11ea-aee1-0e1aae319e49","CPT0064890003","104cb916-2139-11ea-aee1-0e1aae319e49","C3L-01327-01","104c1d05-2139-11ea-aee1-0e1aae319e49","C3L-01327","CPTAC3 Discovery and Confirmatory","Primary Tumor","Brain","Glioblastoma","no","Qualified","","","","","","Qualified","Qualified","","","","","","","","","","","","","","","","","","","","","","","","","Clinical Proteomic Tumor Analysis Consortium"
"104d567a-2139-11ea-aee1-0e1aae319e49","CPT0217190003","104ca657-2139-11ea-aee1-0e1aae319e49","C3L-01048-02","104c1105-2139-11ea-aee1-0e1aae319e49","C3L-01048","CPTAC3 Discovery and Confirmatory","Primary Tumor","Brain","Glioblastoma","no","Qualified","","","","","","Qualified","Qualified","","","","","","","","","","","","","","","","","","","","","","","","","Clinical Proteomic Tumor Analysis Consortium"
"104d5ba8-2139-11ea-aee1-0e1aae319e49","CPT0218770003","104cb105-2139-11ea-aee1-0e1aae319e49","C3L-01149-01","104c178c-2139-11ea-aee1-0e1aae319e49","C3L-01149","CPTAC3 Discovery and Confirmatory","Primary Tumor","Brain","Glioblastoma","no","Qualified","","","","","","Qualified","Qualified","","","","","","","","","","","","","","","","","","","","","","","","","Clinical Proteomic Tumor Analysis Consortium"
"104d651e-2139-11ea-aee1-0e1aae319e49","CPT0125510003","104cbd0a-2139-11ea-aee1-0e1aae319e49","C3L-02041-02","104c2149-2139-11ea-aee1-0e1aae319e49","C3L-02041","CPTAC3 Discovery and Confirmatory","Primary Tumor","Brain","Glioblastoma","no","Qualified","","","","","","Qualified","Qualified","","","","","","","","","","","","","","","","","","","","","","","","","Clinical Proteomic Tumor Analysis Consortium"
"104d88f7-2139-11ea-aee1-0e1aae319e49","CPT0217060003","104ce3e3-2139-11ea-aee1-0e1aae319e49","C3L-03748-04","104c43cc-2139-11ea-aee1-0e1aae319e49","C3L-03748","CPTAC3 Discovery and Confirmatory","Primary Tumor","Brain","Glioblastoma","no","Qualified","","","","","","Qualified","Qualified","","","","","","","","","","","","","","","","","","","","","","","","","Clinical Proteomic Tumor Analysis Consortium"
"104d5040-2139-11ea-aee1-0e1aae319e49","CPT0071100003","104c9db2-2139-11ea-aee1-0e1aae319e49","C3L-00677-72","104c0a5a-2139-11ea-aee1-0e1aae319e49","C3L-00677","CPTAC3 Discovery and Confirmatory","Primary Tumor","Brain","Glioblastoma","no","Qualified","","","","","","Qualified","Qualified","","","","","","","","","","","","","","","","","","","","","","","","","Clinical Proteomic Tumor Analysis Consortium"
"6ec07a96-d0b0-11e9-9a07-0a80fada099c","WHIM-P94","ae7ed6cd-d0a6-11e9-9a07-0a80fada099c","WHIM-P94","f1ee500a-cf1e-11e9-9a07-0a80fada099c","WHIM-P94","CPTAC3 Discovery and Confirmatory","Xenograft Tissue","Not Reported","Other","No","Qualified","","","","","","Qualified","Qualified","","","","","","","","","","","","","","","","","","","","","","","","","Clinical Proteomic Tumor Analysis Consortium"
"6e8c6366-d0b0-11e9-9a07-0a80fada099c","WHIM-P93","ae67a900-d0a6-11e9-9a07-0a80fada099c","WHIM-P93","f1ee4ead-cf1e-11e9-9a07-0a80fada099c","WHIM-P93","CPTAC3 Discovery and Confirmatory","Xenograft Tissue","Not Reported","Other","No","Qualified","","","","","","Qualified","Qualified","","","","","","","","","","","","","","","","","","","","","","","","","Clinical Proteomic Tumor Analysis Consortium"