﻿"Aliquot ID","Aliquot Submitter ID","Sample ID","Sample Submitter ID","Case ID","Case Submitter ID","Project Name","Sample Type","Primary Site","Disease Type","Aliquot Is Ref","Aliquot Status","Aliquot Quantity","Aliquot Volume","Amount","Analyte Type","Concentration","Case Status","Sample Status","Sample Is Ref","Biospecimen Anatomic Site","Composition","Current Weight","Days To Collection","Days To Sample Procurement","Diagnosis Pathologically Confirmed","Freezing Method","Initial Weight","Intermediate Dimension","Longest Dimension","Method Of Sample Procurement","Pathology Report UUID","Preservation Method","Sample Type id","Sample Ordinal","Shortest Dimension","Time Between Clamping And Freezing","Time Between Excision and Freezing","Tissue Collection Type","Tissue Type","Tumor Code","Tumor Code ID","Tumor Descriptor","Program Name"
"df50cced-8f98-11ea-b1fd-0aad30af8a83","CPT0163610003","df4fbd53-8f98-11ea-b1fd-0aad30af8a83","C3N-01946-04","df4ed85e-8f98-11ea-b1fd-0aad30af8a83","C3N-01946","CPTAC3 Discovery and Confirmatory","Solid Tissue Normal","Head and Neck","Head and Neck Squamous Cell Carcinoma","no","Qualified","","","","","","Qualified","Qualified","","","","","","","","","","","","","","","","","","","","","","","","","Clinical Proteomic Tumor Analysis Consortium"
"df50b541-8f98-11ea-b1fd-0aad30af8a83","CPT0162990004","df4fa031-8f98-11ea-b1fd-0aad30af8a83","C3N-01754-02","df4ecd30-8f98-11ea-b1fd-0aad30af8a83","C3N-01754","CPTAC3 Discovery and Confirmatory","Primary Tumor","Head and Neck","Head and Neck Squamous Cell Carcinoma","no","Qualified","","","","","","Qualified","Qualified","","","","","","","","","","","","","","","","","","","","","","","","","Clinical Proteomic Tumor Analysis Consortium"
"df506ba0-8f98-11ea-b1fd-0aad30af8a83","CPT0199710003","df4f4654-8f98-11ea-b1fd-0aad30af8a83","C3L-01138-06","df4e9d3d-8f98-11ea-b1fd-0aad30af8a83","C3L-01138","CPTAC3 Discovery and Confirmatory","Solid Tissue Normal","Head and Neck","Head and Neck Squamous Cell Carcinoma","no","Disqualified","","","","","","Qualified","Disqualified","","","","","","","","","","","","","","","","","","","","","","","","","Clinical Proteomic Tumor Analysis Consortium"
"df512b28-8f98-11ea-b1fd-0aad30af8a83","CPT0222180003","df502af8-8f98-11ea-b1fd-0aad30af8a83","C3N-03888-02","df4f1689-8f98-11ea-b1fd-0aad30af8a83","C3N-03888","CPTAC3 Discovery and Confirmatory","Primary Tumor","Head and Neck","Head and Neck Squamous Cell Carcinoma","no","Qualified","","","","","","Qualified","Qualified","","","","","","","","","","","","","","","","","","","","","","","","","Clinical Proteomic Tumor Analysis Consortium"
"df51453b-8f98-11ea-b1fd-0aad30af8a83","CPT0245600003","df5048c8-8f98-11ea-b1fd-0aad30af8a83","C3N-04280-03","df4f238b-8f98-11ea-b1fd-0aad30af8a83","C3N-04280","CPTAC3 Discovery and Confirmatory","Primary Tumor","Head and Neck","Head and Neck Squamous Cell Carcinoma","no","Qualified","","","","","","Qualified","Qualified","","","","","","","","","","","","","","","","","","","","","","","","","Clinical Proteomic Tumor Analysis Consortium"
"df50cb07-8f98-11ea-b1fd-0aad30af8a83","CPT0163530003","df4fb9da-8f98-11ea-b1fd-0aad30af8a83","C3N-01945-01","df4ed786-8f98-11ea-b1fd-0aad30af8a83","C3N-01945","CPTAC3 Discovery and Confirmatory","Primary Tumor","Head and Neck","Head and Neck Squamous Cell Carcinoma","no","Qualified","","","","","","Qualified","Qualified","","","","","","","","","","","","","","","","","","","","","","","","","Clinical Proteomic Tumor Analysis Consortium"
"df50ed94-8f98-11ea-b1fd-0aad30af8a83","CPT0226250004","df4fe2c7-8f98-11ea-b1fd-0aad30af8a83","C3N-03011-01","df4ef10e-8f98-11ea-b1fd-0aad30af8a83","C3N-03011","CPTAC3 Discovery and Confirmatory","Primary Tumor","Head and Neck","Head and Neck Squamous Cell Carcinoma","no","Qualified","","","","","","Qualified","Qualified","","","","","","","","","","","","","","","","","","","","","","","","","Clinical Proteomic Tumor Analysis Consortium"
"df5081d3-8f98-11ea-b1fd-0aad30af8a83","CPT0250310003","df4f6161-8f98-11ea-b1fd-0aad30af8a83","C3L-04791-04","df4ea9fe-8f98-11ea-b1fd-0aad30af8a83","C3L-04791","CPTAC3 Discovery and Confirmatory","Primary Tumor","Head and Neck","Head and Neck Squamous Cell Carcinoma","no","Qualified","","","","","","Qualified","Qualified","","","","","","","","","","","","","","","","","","","","","","","","","Clinical Proteomic Tumor Analysis Consortium"
"df5098af-8f98-11ea-b1fd-0aad30af8a83","CPT0087820003","df4f7dc3-8f98-11ea-b1fd-0aad30af8a83","C3N-00822-01","df4eb76a-8f98-11ea-b1fd-0aad30af8a83","C3N-00822","CPTAC3 Discovery and Confirmatory","Primary Tumor","Head and Neck","Head and Neck Squamous Cell Carcinoma","no","Qualified","","","","","","Qualified","Qualified","","","","","","","","","","","","","","","","","","","","","","","","","Clinical Proteomic Tumor Analysis Consortium"
"df505f66-8f98-11ea-b1fd-0aad30af8a83","CPT0169730003","df4f373c-8f98-11ea-b1fd-0aad30af8a83","C3L-00994-04","df4e970b-8f98-11ea-b1fd-0aad30af8a83","C3L-00994","CPTAC3 Discovery and Confirmatory","Primary Tumor","Head and Neck","Head and Neck Squamous Cell Carcinoma","no","Qualified","","","","","","Qualified","Qualified","","","","","","","","","","","","","","","","","","","","","","","","","Clinical Proteomic Tumor Analysis Consortium"
"df50e9e4-8f98-11ea-b1fd-0aad30af8a83","CPT0245010003","df4fdeb5-8f98-11ea-b1fd-0aad30af8a83","C3N-03008-01","df4eef1c-8f98-11ea-b1fd-0aad30af8a83","C3N-03008","CPTAC3 Discovery and Confirmatory","Primary Tumor","Head and Neck","Head and Neck Squamous Cell Carcinoma","no","Qualified","","","","","","Qualified","Qualified","","","","","","","","","","","","","","","","","","","","","","","","","Clinical Proteomic Tumor Analysis Consortium"
"df508db6-8f98-11ea-b1fd-0aad30af8a83","CPT0008630003","df4f6fc0-8f98-11ea-b1fd-0aad30af8a83","C3N-00299-02","df4eb20d-8f98-11ea-b1fd-0aad30af8a83","C3N-00299","CPTAC3 Discovery and Confirmatory","Primary Tumor","Head and Neck","Head and Neck Squamous Cell Carcinoma","no","Qualified","","","","","","Qualified","Qualified","","","","","","","","","","","","","","","","","","","","","","","","","Clinical Proteomic Tumor Analysis Consortium"
"df50b610-8f98-11ea-b1fd-0aad30af8a83","CPT0163020003","df4fa14c-8f98-11ea-b1fd-0aad30af8a83","C3N-01754-05","df4ecd30-8f98-11ea-b1fd-0aad30af8a83","C3N-01754","CPTAC3 Discovery and Confirmatory","Solid Tissue Normal","Head and Neck","Head and Neck Squamous Cell Carcinoma","no","Qualified","","","","","","Qualified","Qualified","","","","","","","","","","","","","","","","","","","","","","","","","Clinical Proteomic Tumor Analysis Consortium"
"df50b995-8f98-11ea-b1fd-0aad30af8a83","CPT0163170003","df4fa6c0-8f98-11ea-b1fd-0aad30af8a83","C3N-01756-05","df4ecf32-8f98-11ea-b1fd-0aad30af8a83","C3N-01756","CPTAC3 Discovery and Confirmatory","Solid Tissue Normal","Head and Neck","Head and Neck Squamous Cell Carcinoma","no","Qualified","","","","","","Qualified","Qualified","","","","","","","","","","","","","","","","","","","","","","","","","Clinical Proteomic Tumor Analysis Consortium"
"df508cdd-8f98-11ea-b1fd-0aad30af8a83","CPT0011130005","df4f6eac-8f98-11ea-b1fd-0aad30af8a83","C3N-00297-02","df4eb063-8f98-11ea-b1fd-0aad30af8a83","C3N-00297","CPTAC3 Discovery and Confirmatory","Primary Tumor","Head and Neck","Head and Neck Squamous Cell Carcinoma","no","Qualified","","","","","","Qualified","Qualified","","","","","","","","","","","","","","","","","","","","","","","","","Clinical Proteomic Tumor Analysis Consortium"
"df50d04a-8f98-11ea-b1fd-0aad30af8a83","CPT0226090003","df4fc033-8f98-11ea-b1fd-0aad30af8a83","C3N-01947-05","df4eda1a-8f98-11ea-b1fd-0aad30af8a83","C3N-01947","CPTAC3 Discovery and Confirmatory","Solid Tissue Normal","Head and Neck","Head and Neck Squamous Cell Carcinoma","no","Qualified","","","","","","Qualified","Qualified","","","","","","","","","","","","","","","","","","","","","","","","","Clinical Proteomic Tumor Analysis Consortium"
"df510edf-8f98-11ea-b1fd-0aad30af8a83","CPT0194790003","df5009af-8f98-11ea-b1fd-0aad30af8a83","C3N-03612-03","df4f05ee-8f98-11ea-b1fd-0aad30af8a83","C3N-03612","CPTAC3 Discovery and Confirmatory","Primary Tumor","Head and Neck","Head and Neck Squamous Cell Carcinoma","no","Qualified","","","","","","Qualified","Qualified","","","","","","","","","","","","","","","","","","","","","","","","","Clinical Proteomic Tumor Analysis Consortium"
"df50db02-8f98-11ea-b1fd-0aad30af8a83","CPT0226130003","df4fcada-8f98-11ea-b1fd-0aad30af8a83","C3N-02693-01","df4ee063-8f98-11ea-b1fd-0aad30af8a83","C3N-02693","CPTAC3 Discovery and Confirmatory","Primary Tumor","Head and Neck","Head and Neck Squamous Cell Carcinoma","no","Disqualified","","","","","","Qualified","Disqualified","","","","","","","","","","","","","","","","","","","","","","","","","Clinical Proteomic Tumor Analysis Consortium"
"df50d2c4-8f98-11ea-b1fd-0aad30af8a83","CPT0163650003","df4fc20a-8f98-11ea-b1fd-0aad30af8a83","C3N-01948-01","df4edaf6-8f98-11ea-b1fd-0aad30af8a83","C3N-01948","CPTAC3 Discovery and Confirmatory","Primary Tumor","Head and Neck","Head and Neck Squamous Cell Carcinoma","no","Qualified","","","","","","Qualified","Qualified","","","","","","","","","","","","","","","","","","","","","","","","","Clinical Proteomic Tumor Analysis Consortium"
"df50ad85-8f98-11ea-b1fd-0aad30af8a83","CPT0094580003","df4f95b6-8f98-11ea-b1fd-0aad30af8a83","C3N-01340-05","df4ec539-8f98-11ea-b1fd-0aad30af8a83","C3N-01340","CPTAC3 Discovery and Confirmatory","Solid Tissue Normal","Head and Neck","Head and Neck Squamous Cell Carcinoma","no","Qualified","","","","","","Qualified","Qualified","","","","","","","","","","","","","","","","","","","","","","","","","Clinical Proteomic Tumor Analysis Consortium"
"df50f21f-8f98-11ea-b1fd-0aad30af8a83","CPT0245130003","df4fe9e1-8f98-11ea-b1fd-0aad30af8a83","C3N-03013-01","df4ef386-8f98-11ea-b1fd-0aad30af8a83","C3N-03013","CPTAC3 Discovery and Confirmatory","Primary Tumor","Head and Neck","Head and Neck Squamous Cell Carcinoma","no","Qualified","","","","","","Qualified","Qualified","","","","","","","","","","","","","","","","","","","","","","","","","Clinical Proteomic Tumor Analysis Consortium"
"df511542-8f98-11ea-b1fd-0aad30af8a83","CPT0196060003","df50116d-8f98-11ea-b1fd-0aad30af8a83","C3N-03620-06","df4f08ad-8f98-11ea-b1fd-0aad30af8a83","C3N-03620","CPTAC3 Discovery and Confirmatory","Solid Tissue Normal","Head and Neck","Head and Neck Squamous Cell Carcinoma","no","Qualified","","","","","","Qualified","Qualified","","","","","","","","","","","","","","","","","","","","","","","","","Clinical Proteomic Tumor Analysis Consortium"
"df511904-8f98-11ea-b1fd-0aad30af8a83","CPT0245560003","df501689-8f98-11ea-b1fd-0aad30af8a83","C3N-03781-04","df4f0b7a-8f98-11ea-b1fd-0aad30af8a83","C3N-03781","CPTAC3 Discovery and Confirmatory","Solid Tissue Normal","Head and Neck","Head and Neck Squamous Cell Carcinoma","no","Qualified","","","","","","Qualified","Qualified","","","","","","","","","","","","","","","","","","","","","","","","","Clinical Proteomic Tumor Analysis Consortium"
"df513064-8f98-11ea-b1fd-0aad30af8a83","CPT0223460003","df503207-8f98-11ea-b1fd-0aad30af8a83","C3N-03928-06","df4f1907-8f98-11ea-b1fd-0aad30af8a83","C3N-03928","CPTAC3 Discovery and Confirmatory","Solid Tissue Normal","Head and Neck","Head and Neck Squamous Cell Carcinoma","no","Qualified","","","","","","Qualified","Qualified","","","","","","","","","","","","","","","","","","","","","","","","","Clinical Proteomic Tumor Analysis Consortium"
"df513b7f-8f98-11ea-b1fd-0aad30af8a83","C3N-04276-06","df503d83-8f98-11ea-b1fd-0aad30af8a83","C3N-04276-06","df4f1ef8-8f98-11ea-b1fd-0aad30af8a83","C3N-04276","CPTAC3 Discovery and Confirmatory","Solid Tissue Normal","Head and Neck","Head and Neck Squamous Cell Carcinoma","no","Qualified","","","","","","Qualified","Qualified","","","","","","","","","","","","","","","","","","","","","","","","","Clinical Proteomic Tumor Analysis Consortium"
"df50bfe8-8f98-11ea-b1fd-0aad30af8a83","CPT0163840003","df4fae2e-8f98-11ea-b1fd-0aad30af8a83","C3N-01858-01","df4ed282-8f98-11ea-b1fd-0aad30af8a83","C3N-01858","CPTAC3 Discovery and Confirmatory","Primary Tumor","Head and Neck","Head and Neck Squamous Cell Carcinoma","no","Qualified","","","","","","Qualified","Qualified","","","","","","","","","","","","","","","","","","","","","","","","","Clinical Proteomic Tumor Analysis Consortium"
"df50e397-8f98-11ea-b1fd-0aad30af8a83","CPT0177220003","df4fd726-8f98-11ea-b1fd-0aad30af8a83","C3N-02714-06","df4ee821-8f98-11ea-b1fd-0aad30af8a83","C3N-02714","CPTAC3 Discovery and Confirmatory","Solid Tissue Normal","Head and Neck","Head and Neck Squamous Cell Carcinoma","no","Qualified","","","","","","Qualified","Qualified","","","","","","","","","","","","","","","","","","","","","","","","","Clinical Proteomic Tumor Analysis Consortium"
"df50fcbc-8f98-11ea-b1fd-0aad30af8a83","CPT0226450003","df4ff3b8-8f98-11ea-b1fd-0aad30af8a83","C3N-03028-04","df4ef7ac-8f98-11ea-b1fd-0aad30af8a83","C3N-03028","CPTAC3 Discovery and Confirmatory","Solid Tissue Normal","Head and Neck","Head and Neck Squamous Cell Carcinoma","no","Qualified","","","","","","Qualified","Qualified","","","","","","","","","","","","","","","","","","","","","","","","","Clinical Proteomic Tumor Analysis Consortium"
"df50c466-8f98-11ea-b1fd-0aad30af8a83","CPT0163410003","df4fb3e3-8f98-11ea-b1fd-0aad30af8a83","C3N-01943-02","df4ed504-8f98-11ea-b1fd-0aad30af8a83","C3N-01943","CPTAC3 Discovery and Confirmatory","Primary Tumor","Head and Neck","Head and Neck Squamous Cell Carcinoma","no","Qualified","","","","","","Qualified","Qualified","","","","","","","","","","","","","","","","","","","","","","","","","Clinical Proteomic Tumor Analysis Consortium"
"df50de76-8f98-11ea-b1fd-0aad30af8a83","CPT0244940004","df4fcf01-8f98-11ea-b1fd-0aad30af8a83","C3N-02695-01","df4ee338-8f98-11ea-b1fd-0aad30af8a83","C3N-02695","CPTAC3 Discovery and Confirmatory","Primary Tumor","Head and Neck","Head and Neck Squamous Cell Carcinoma","no","Qualified","","","","","","Qualified","Qualified","","","","","","","","","","","","","","","","","","","","","","","","","Clinical Proteomic Tumor Analysis Consortium"
"df5133e4-8f98-11ea-b1fd-0aad30af8a83","CPT0223970003","df503688-8f98-11ea-b1fd-0aad30af8a83","C3N-04152-01","df4f1b8c-8f98-11ea-b1fd-0aad30af8a83","C3N-04152","CPTAC3 Discovery and Confirmatory","Primary Tumor","Head and Neck","Head and Neck Squamous Cell Carcinoma","no","Qualified","","","","","","Qualified","Qualified","","","","","","","","","","","","","","","","","","","","","","","","","Clinical Proteomic Tumor Analysis Consortium"
"df506824-8f98-11ea-b1fd-0aad30af8a83","CPT0123260003","df4f4220-8f98-11ea-b1fd-0aad30af8a83","C3L-00999-01","df4e9b42-8f98-11ea-b1fd-0aad30af8a83","C3L-00999","CPTAC3 Discovery and Confirmatory","Primary Tumor","Head and Neck","Head and Neck Squamous Cell Carcinoma","no","Qualified","","","","","","Qualified","Qualified","","","","","","","","","","","","","","","","","","","","","","","","","Clinical Proteomic Tumor Analysis Consortium"
"df51161d-8f98-11ea-b1fd-0aad30af8a83","CPT0196210003","df501289-8f98-11ea-b1fd-0aad30af8a83","C3N-03664-01","df4f0a9f-8f98-11ea-b1fd-0aad30af8a83","C3N-03664","CPTAC3 Discovery and Confirmatory","Primary Tumor","Head and Neck","Head and Neck Squamous Cell Carcinoma","no","Qualified","","","","","","Qualified","Qualified","","","","","","","","","","","","","","","","","","","","","","","","","Clinical Proteomic Tumor Analysis Consortium"
"df506c7d-8f98-11ea-b1fd-0aad30af8a83","CPT0199820003","df4f486a-8f98-11ea-b1fd-0aad30af8a83","C3L-01237-04","df4e9e22-8f98-11ea-b1fd-0aad30af8a83","C3L-01237","CPTAC3 Discovery and Confirmatory","Primary Tumor","Head and Neck","Head and Neck Squamous Cell Carcinoma","no","Qualified","","","","","","Qualified","Qualified","","","","","","","","","","","","","","","","","","","","","","","","","Clinical Proteomic Tumor Analysis Consortium"
"df513e8d-8f98-11ea-b1fd-0aad30af8a83","CPT0245410003","df504083-8f98-11ea-b1fd-0aad30af8a83","C3N-04277-04","df4f1fff-8f98-11ea-b1fd-0aad30af8a83","C3N-04277","CPTAC3 Discovery and Confirmatory","Solid Tissue Normal","Head and Neck","Head and Neck Squamous Cell Carcinoma","no","Qualified","","","","","","Qualified","Qualified","","","","","","","","","","","","","","","","","","","","","","","","","Clinical Proteomic Tumor Analysis Consortium"
"df50b7e9-8f98-11ea-b1fd-0aad30af8a83","CPT0163090003","df4fa33f-8f98-11ea-b1fd-0aad30af8a83","C3N-01755-01","df4ece54-8f98-11ea-b1fd-0aad30af8a83","C3N-01755","CPTAC3 Discovery and Confirmatory","Primary Tumor","Head and Neck","Head and Neck Squamous Cell Carcinoma","no","Qualified","","","","","","Qualified","Qualified","","","","","","","","","","","","","","","","","","","","","","","","","Clinical Proteomic Tumor Analysis Consortium"
"df50a065-8f98-11ea-b1fd-0aad30af8a83","CPT0094350004","df4f8687-8f98-11ea-b1fd-0aad30af8a83","C3N-00857-01","df4ebebb-8f98-11ea-b1fd-0aad30af8a83","C3N-00857","CPTAC3 Discovery and Confirmatory","Primary Tumor","Head and Neck","Head and Neck Squamous Cell Carcinoma","no","Qualified","","","","","","Qualified","Qualified","","","","","","","","","","","","","","","","","","","","","","","","","Clinical Proteomic Tumor Analysis Consortium"
"df5064a4-8f98-11ea-b1fd-0aad30af8a83","CPT0169920003","df4f3d3f-8f98-11ea-b1fd-0aad30af8a83","C3L-00995-06","df4e9966-8f98-11ea-b1fd-0aad30af8a83","C3L-00995","CPTAC3 Discovery and Confirmatory","Solid Tissue Normal","Head and Neck","Head and Neck Squamous Cell Carcinoma","no","Qualified","","","","","","Qualified","Qualified","","","","","","","","","","","","","","","","","","","","","","","","","Clinical Proteomic Tumor Analysis Consortium"
"df50e90b-8f98-11ea-b1fd-0aad30af8a83","CPT0184530003","df4fdce6-8f98-11ea-b1fd-0aad30af8a83","C3N-02925-01","df4eee28-8f98-11ea-b1fd-0aad30af8a83","C3N-02925","CPTAC3 Discovery and Confirmatory","Primary Tumor","Head and Neck","Head and Neck Squamous Cell Carcinoma","no","Qualified","","","","","","Qualified","Qualified","","","","","","","","","","","","","","","","","","","","","","","","","Clinical Proteomic Tumor Analysis Consortium"
"df510fa7-8f98-11ea-b1fd-0aad30af8a83","CPT0194800003","df500b7f-8f98-11ea-b1fd-0aad30af8a83","C3N-03612-06","df4f05ee-8f98-11ea-b1fd-0aad30af8a83","C3N-03612","CPTAC3 Discovery and Confirmatory","Solid Tissue Normal","Head and Neck","Head and Neck Squamous Cell Carcinoma","no","Disqualified","","","","","","Qualified","Disqualified","","","","","","","","","","","","","","","","","","","","","","","","","Clinical Proteomic Tumor Analysis Consortium"
"df50b296-8f98-11ea-b1fd-0aad30af8a83","CPT0088430003","df4f9d3a-8f98-11ea-b1fd-0aad30af8a83","C3N-01645-05","df4eca22-8f98-11ea-b1fd-0aad30af8a83","C3N-01645","CPTAC3 Discovery and Confirmatory","Solid Tissue Normal","Head and Neck","Head and Neck Squamous Cell Carcinoma","no","Qualified","","","","","","Qualified","Qualified","","","","","","","","","","","","","","","","","","","","","","","","","Clinical Proteomic Tumor Analysis Consortium"
"df50fd90-8f98-11ea-b1fd-0aad30af8a83","CPT0235460003","df4ff584-8f98-11ea-b1fd-0aad30af8a83","C3N-03042-04","df4ef87b-8f98-11ea-b1fd-0aad30af8a83","C3N-03042","CPTAC3 Discovery and Confirmatory","Primary Tumor","Head and Neck","Head and Neck Squamous Cell Carcinoma","no","Qualified","","","","","","Qualified","Qualified","","","","","","","","","","","","","","","","","","","","","","","","","Clinical Proteomic Tumor Analysis Consortium"
"df510c28-8f98-11ea-b1fd-0aad30af8a83","CPT0195680003","df5006db-8f98-11ea-b1fd-0aad30af8a83","C3N-03490-02","df4f0514-8f98-11ea-b1fd-0aad30af8a83","C3N-03490","CPTAC3 Discovery and Confirmatory","Primary Tumor","Head and Neck","Head and Neck Squamous Cell Carcinoma","no","Qualified","","","","","","Qualified","Qualified","","","","","","","","","","","","","","","","","","","","","","","","","Clinical Proteomic Tumor Analysis Consortium"
"df512406-8f98-11ea-b1fd-0aad30af8a83","CPT0237130004","df502226-8f98-11ea-b1fd-0aad30af8a83","C3N-03849-01","df4f1344-8f98-11ea-b1fd-0aad30af8a83","C3N-03849","CPTAC3 Discovery and Confirmatory","Primary Tumor","Head and Neck","Head and Neck Squamous Cell Carcinoma","no","Qualified","","","","","","Qualified","Qualified","","","","","","","","","","","","","","","","","","","","","","","","","Clinical Proteomic Tumor Analysis Consortium"
"df50d65f-8f98-11ea-b1fd-0aad30af8a83","CPT0163790003","df4fc613-8f98-11ea-b1fd-0aad30af8a83","C3N-02279-01","df4eddbb-8f98-11ea-b1fd-0aad30af8a83","C3N-02279","CPTAC3 Discovery and Confirmatory","Primary Tumor","Head and Neck","Head and Neck Squamous Cell Carcinoma","no","Qualified","","","","","","Qualified","Qualified","","","","","","","","","","","","","","","","","","","","","","","","","Clinical Proteomic Tumor Analysis Consortium"
"df513990-8f98-11ea-b1fd-0aad30af8a83","CPT0245350003","df503c6f-8f98-11ea-b1fd-0aad30af8a83","C3N-04276-01","df4f1ef8-8f98-11ea-b1fd-0aad30af8a83","C3N-04276","CPTAC3 Discovery and Confirmatory","Primary Tumor","Head and Neck","Head and Neck Squamous Cell Carcinoma","no","Qualified","","","","","","Qualified","Qualified","","","","","","","","","","","","","","","","","","","","","","","","","Clinical Proteomic Tumor Analysis Consortium"
"df50a68b-8f98-11ea-b1fd-0aad30af8a83","CPT0088010003","df4f8dc3-8f98-11ea-b1fd-0aad30af8a83","C3N-01337-06","df4ec190-8f98-11ea-b1fd-0aad30af8a83","C3N-01337","CPTAC3 Discovery and Confirmatory","Solid Tissue Normal","Head and Neck","Head and Neck Squamous Cell Carcinoma","no","Qualified","","","","","","Qualified","Qualified","","","","","","","","","","","","","","","","","","","","","","","","","Clinical Proteomic Tumor Analysis Consortium"
"df5080ab-8f98-11ea-b1fd-0aad30af8a83","CPT0243140004","df4f5ff9-8f98-11ea-b1fd-0aad30af8a83","C3L-04354-07","df4ea7d8-8f98-11ea-b1fd-0aad30af8a83","C3L-04354","CPTAC3 Discovery and Confirmatory","Solid Tissue Normal","Head and Neck","Head and Neck Squamous Cell Carcinoma","no","Qualified","","","","","","Qualified","Qualified","","","","","","","","","","","","","","","","","","","","","","","","","Clinical Proteomic Tumor Analysis Consortium"
"df50dcae-8f98-11ea-b1fd-0aad30af8a83","CPT0244890004","df4fcdf1-8f98-11ea-b1fd-0aad30af8a83","C3N-02694-02","df4ee240-8f98-11ea-b1fd-0aad30af8a83","C3N-02694","CPTAC3 Discovery and Confirmatory","Primary Tumor","Head and Neck","Head and Neck Squamous Cell Carcinoma","no","Qualified","","","","","","Qualified","Qualified","","","","","","","","","","","","","","","","","","","","","","","","","Clinical Proteomic Tumor Analysis Consortium"
"df50e018-8f98-11ea-b1fd-0aad30af8a83","CPT0190850003","df4fd2ff-8f98-11ea-b1fd-0aad30af8a83","C3N-02713-03","df4ee623-8f98-11ea-b1fd-0aad30af8a83","C3N-02713","CPTAC3 Discovery and Confirmatory","Primary Tumor","Head and Neck","Head and Neck Squamous Cell Carcinoma","no","Qualified","","","","","","Qualified","Qualified","","","","","","","","","","","","","","","","","","","","","","","","","Clinical Proteomic Tumor Analysis Consortium"
"df509f96-8f98-11ea-b1fd-0aad30af8a83","CPT0024810003","df4f856c-8f98-11ea-b1fd-0aad30af8a83","C3N-00846-02","df4ebcaf-8f98-11ea-b1fd-0aad30af8a83","C3N-00846","CPTAC3 Discovery and Confirmatory","Primary Tumor","Head and Neck","Head and Neck Squamous Cell Carcinoma","no","Qualified","","","","","","Qualified","Qualified","","","","","","","","","","","","","","","","","","","","","","","","","Clinical Proteomic Tumor Analysis Consortium"
"df50f602-8f98-11ea-b1fd-0aad30af8a83","CPT0245190003","df4fee1e-8f98-11ea-b1fd-0aad30af8a83","C3N-03015-02","df4ef458-8f98-11ea-b1fd-0aad30af8a83","C3N-03015","CPTAC3 Discovery and Confirmatory","Solid Tissue Normal","Head and Neck","Head and Neck Squamous Cell Carcinoma","no","Qualified","","","","","","Qualified","Qualified","","","","","","","","","","","","","","","","","","","","","","","","","Clinical Proteomic Tumor Analysis Consortium"
"df50c390-8f98-11ea-b1fd-0aad30af8a83","C3N-01859-04","df4fb20a-8f98-11ea-b1fd-0aad30af8a83","C3N-01859-04","df4ed42c-8f98-11ea-b1fd-0aad30af8a83","C3N-01859","CPTAC3 Discovery and Confirmatory","Solid Tissue Normal","Head and Neck","Head and Neck Squamous Cell Carcinoma","no","Qualified","","","","","","Qualified","Qualified","","","","","","","","","","","","","","","","","","","","","","","","","Clinical Proteomic Tumor Analysis Consortium"
"df50dbdf-8f98-11ea-b1fd-0aad30af8a83","C3N-02693-06","df4fcbfb-8f98-11ea-b1fd-0aad30af8a83","C3N-02693-06","df4ee063-8f98-11ea-b1fd-0aad30af8a83","C3N-02693","CPTAC3 Discovery and Confirmatory","Solid Tissue Normal","Head and Neck","Head and Neck Squamous Cell Carcinoma","no","Qualified","","","","","","Qualified","Qualified","","","","","","","","","","","","","","","","","","","","","","","","","Clinical Proteomic Tumor Analysis Consortium"
"df510a84-8f98-11ea-b1fd-0aad30af8a83","CPT0194250003","df500413-8f98-11ea-b1fd-0aad30af8a83","C3N-03488-03","df4f0338-8f98-11ea-b1fd-0aad30af8a83","C3N-03488","CPTAC3 Discovery and Confirmatory","Primary Tumor","Head and Neck","Head and Neck Squamous Cell Carcinoma","no","Qualified","","","","","","Qualified","Qualified","","","","","","","","","","","","","","","","","","","","","","","","","Clinical Proteomic Tumor Analysis Consortium"
"df5068fc-8f98-11ea-b1fd-0aad30af8a83","CPT0123280003","df4f433c-8f98-11ea-b1fd-0aad30af8a83","C3L-00999-06","df4e9b42-8f98-11ea-b1fd-0aad30af8a83","C3L-00999","CPTAC3 Discovery and Confirmatory","Solid Tissue Normal","Head and Neck","Head and Neck Squamous Cell Carcinoma","no","Qualified","","","","","","Qualified","Qualified","","","","","","","","","","","","","","","","","","","","","","","","","Clinical Proteomic Tumor Analysis Consortium"
"df50d73a-8f98-11ea-b1fd-0aad30af8a83","CPT0163800003","df4fc7e1-8f98-11ea-b1fd-0aad30af8a83","C3N-02279-05","df4eddbb-8f98-11ea-b1fd-0aad30af8a83","C3N-02279","CPTAC3 Discovery and Confirmatory","Solid Tissue Normal","Head and Neck","Head and Neck Squamous Cell Carcinoma","no","Qualified","","","","","","Qualified","Qualified","","","","","","","","","","","","","","","","","","","","","","","","","Clinical Proteomic Tumor Analysis Consortium"
"df5119dc-8f98-11ea-b1fd-0aad30af8a83","CPT0245630003","df5017ed-8f98-11ea-b1fd-0aad30af8a83","C3N-03782-01","df4f0d7f-8f98-11ea-b1fd-0aad30af8a83","C3N-03782","CPTAC3 Discovery and Confirmatory","Primary Tumor","Head and Neck","Head and Neck Squamous Cell Carcinoma","no","Qualified","","","","","","Qualified","Qualified","","","","","","","","","","","","","","","","","","","","","","","","","Clinical Proteomic Tumor Analysis Consortium"
"df508891-8f98-11ea-b1fd-0aad30af8a83","CPT0084650004","df4f69f2-8f98-11ea-b1fd-0aad30af8a83","C3N-00204-06","df4eaeb4-8f98-11ea-b1fd-0aad30af8a83","C3N-00204","CPTAC3 Discovery and Confirmatory","Solid Tissue Normal","Head and Neck","Head and Neck Squamous Cell Carcinoma","no","Qualified","","","","","","Qualified","Qualified","","","","","","","","","","","","","","","","","","","","","","","","","Clinical Proteomic Tumor Analysis Consortium"
"df50fb9e-8f98-11ea-b1fd-0aad30af8a83","CPT0226440003","df4ff2b1-8f98-11ea-b1fd-0aad30af8a83","C3N-03028-01","df4ef7ac-8f98-11ea-b1fd-0aad30af8a83","C3N-03028","CPTAC3 Discovery and Confirmatory","Primary Tumor","Head and Neck","Head and Neck Squamous Cell Carcinoma","no","Qualified","","","","","","Qualified","Qualified","","","","","","","","","","","","","","","","","","","","","","","","","Clinical Proteomic Tumor Analysis Consortium"
"df512890-8f98-11ea-b1fd-0aad30af8a83","CPT0237620004","df5027fb-8f98-11ea-b1fd-0aad30af8a83","C3N-03878-01","df4f15be-8f98-11ea-b1fd-0aad30af8a83","C3N-03878","CPTAC3 Discovery and Confirmatory","Primary Tumor","Head and Neck","Head and Neck Squamous Cell Carcinoma","no","Qualified","","","","","","Qualified","Qualified","","","","","","","","","","","","","","","","","","","","","","","","","Clinical Proteomic Tumor Analysis Consortium"
"df5138b9-8f98-11ea-b1fd-0aad30af8a83","C3N-04275-05","df503a8f-8f98-11ea-b1fd-0aad30af8a83","C3N-04275-05","df4f1d2d-8f98-11ea-b1fd-0aad30af8a83","C3N-04275","CPTAC3 Discovery and Confirmatory","Solid Tissue Normal","Head and Neck","Head and Neck Squamous Cell Carcinoma","no","Qualified","","","","","","Qualified","Qualified","","","","","","","","","","","","","","","","","","","","","","","","","Clinical Proteomic Tumor Analysis Consortium"
"df5108a2-8f98-11ea-b1fd-0aad30af8a83","CPT0194960003","df5002fa-8f98-11ea-b1fd-0aad30af8a83","C3N-03487-02","df4f0263-8f98-11ea-b1fd-0aad30af8a83","C3N-03487","CPTAC3 Discovery and Confirmatory","Primary Tumor","Head and Neck","Head and Neck Squamous Cell Carcinoma","no","Qualified","","","","","","Qualified","Qualified","","","","","","","","","","","","","","","","","","","","","","","","","Clinical Proteomic Tumor Analysis Consortium"
"df512bfe-8f98-11ea-b1fd-0aad30af8a83","CPT0222200003","df502d00-8f98-11ea-b1fd-0aad30af8a83","C3N-03888-06","df4f1689-8f98-11ea-b1fd-0aad30af8a83","C3N-03888","CPTAC3 Discovery and Confirmatory","Solid Tissue Normal","Head and Neck","Head and Neck Squamous Cell Carcinoma","no","Qualified","","","","","","Qualified","Qualified","","","","","","","","","","","","","","","","","","","","","","","","","Clinical Proteomic Tumor Analysis Consortium"
"df5082ae-8f98-11ea-b1fd-0aad30af8a83","CPT0248330003","df4f6320-8f98-11ea-b1fd-0aad30af8a83","C3L-04844-01","df4eaafe-8f98-11ea-b1fd-0aad30af8a83","C3L-04844","CPTAC3 Discovery and Confirmatory","Primary Tumor","Head and Neck","Head and Neck Squamous Cell Carcinoma","no","Qualified","","","","","","Qualified","Qualified","","","","","","","","","","","","","","","","","","","","","","","","","Clinical Proteomic Tumor Analysis Consortium"
"df50907c-8f98-11ea-b1fd-0aad30af8a83","CPT0011320003","df4f72b9-8f98-11ea-b1fd-0aad30af8a83","C3N-00306-05","df4eb2e7-8f98-11ea-b1fd-0aad30af8a83","C3N-00306","CPTAC3 Discovery and Confirmatory","Solid Tissue Normal","Head and Neck","Head and Neck Squamous Cell Carcinoma","no","Qualified","","","","","","Qualified","Qualified","","","","","","","","","","","","","","","","","","","","","","","","","Clinical Proteomic Tumor Analysis Consortium"
"df50c2b9-8f98-11ea-b1fd-0aad30af8a83","CPT0163910003","df4fb0fc-8f98-11ea-b1fd-0aad30af8a83","C3N-01859-01","df4ed42c-8f98-11ea-b1fd-0aad30af8a83","C3N-01859","CPTAC3 Discovery and Confirmatory","Primary Tumor","Head and Neck","Head and Neck Squamous Cell Carcinoma","no","Qualified","","","","","","Qualified","Qualified","","","","","","","","","","","","","","","","","","","","","","","","","Clinical Proteomic Tumor Analysis Consortium"
"df50f452-8f98-11ea-b1fd-0aad30af8a83","CPT0245140003","df4feb43-8f98-11ea-b1fd-0aad30af8a83","C3N-03013-03","df4ef386-8f98-11ea-b1fd-0aad30af8a83","C3N-03013","CPTAC3 Discovery and Confirmatory","Solid Tissue Normal","Head and Neck","Head and Neck Squamous Cell Carcinoma","no","Qualified","","","","","","Qualified","Qualified","","","","","","","","","","","","","","","","","","","","","","","","","Clinical Proteomic Tumor Analysis Consortium"
"df511199-8f98-11ea-b1fd-0aad30af8a83","CPT0195860003","df500c9a-8f98-11ea-b1fd-0aad30af8a83","C3N-03619-02","df4f07d3-8f98-11ea-b1fd-0aad30af8a83","C3N-03619","CPTAC3 Discovery and Confirmatory","Primary Tumor","Head and Neck","Head and Neck Squamous Cell Carcinoma","no","Qualified","","","","","","Qualified","Qualified","","","","","","","","","","","","","","","","","","","","","","","","","Clinical Proteomic Tumor Analysis Consortium"
"df50d4b3-8f98-11ea-b1fd-0aad30af8a83","CPT0163740003","df4fc505-8f98-11ea-b1fd-0aad30af8a83","C3N-02275-04","df4edcd7-8f98-11ea-b1fd-0aad30af8a83","C3N-02275","CPTAC3 Discovery and Confirmatory","Primary Tumor","Head and Neck","Head and Neck Squamous Cell Carcinoma","no","Qualified","","","","","","Qualified","Qualified","","","","","","","","","","","","","","","","","","","","","","","","","Clinical Proteomic Tumor Analysis Consortium"
"df511dae-8f98-11ea-b1fd-0aad30af8a83","CPT0236620003","df501c70-8f98-11ea-b1fd-0aad30af8a83","C3N-03837-01","df4f1155-8f98-11ea-b1fd-0aad30af8a83","C3N-03837","CPTAC3 Discovery and Confirmatory","Primary Tumor","Head and Neck","Head and Neck Squamous Cell Carcinoma","no","Qualified","","","","","","Qualified","Qualified","","","","","","","","","","","","","","","","","","","","","","","","","Clinical Proteomic Tumor Analysis Consortium"
"df50a767-8f98-11ea-b1fd-0aad30af8a83","CPT0088060004","df4f8f32-8f98-11ea-b1fd-0aad30af8a83","C3N-01338-01","df4ec26a-8f98-11ea-b1fd-0aad30af8a83","C3N-01338","CPTAC3 Discovery and Confirmatory","Primary Tumor","Head and Neck","Head and Neck Squamous Cell Carcinoma","no","Qualified","","","","","","Qualified","Qualified","","","","","","","","","","","","","","","","","","","","","","","","","Clinical Proteomic Tumor Analysis Consortium"
"df509149-8f98-11ea-b1fd-0aad30af8a83","CPT0008930003","df4f74af-8f98-11ea-b1fd-0aad30af8a83","C3N-00307-02","df4eb3f1-8f98-11ea-b1fd-0aad30af8a83","C3N-00307","CPTAC3 Discovery and Confirmatory","Primary Tumor","Head and Neck","Head and Neck Squamous Cell Carcinoma","no","Qualified","","","","","","Qualified","Qualified","","","","","","","","","","","","","","","","","","","","","","","","","Clinical Proteomic Tumor Analysis Consortium"
"df50e579-8f98-11ea-b1fd-0aad30af8a83","CPT0177390003","df4fd8e9-8f98-11ea-b1fd-0aad30af8a83","C3N-02716-03","df4ee8fe-8f98-11ea-b1fd-0aad30af8a83","C3N-02716","CPTAC3 Discovery and Confirmatory","Primary Tumor","Head and Neck","Head and Neck Squamous Cell Carcinoma","no","Qualified","","","","","","Qualified","Qualified","","","","","","","","","","","","","","","","","","","","","","","","","Clinical Proteomic Tumor Analysis Consortium"
"df50bc51-8f98-11ea-b1fd-0aad30af8a83","CPT0163250003","df4fa99b-8f98-11ea-b1fd-0aad30af8a83","C3N-01757-05","df4ed0d5-8f98-11ea-b1fd-0aad30af8a83","C3N-01757","CPTAC3 Discovery and Confirmatory","Solid Tissue Normal","Head and Neck","Head and Neck Squamous Cell Carcinoma","no","Qualified","","","","","","Qualified","Qualified","","","","","","","","","","","","","","","","","","","","","","","","","Clinical Proteomic Tumor Analysis Consortium"
"df50ab04-8f98-11ea-b1fd-0aad30af8a83","CPT0094490004","df4f92c1-8f98-11ea-b1fd-0aad30af8a83","C3N-01339-01","df4ec459-8f98-11ea-b1fd-0aad30af8a83","C3N-01339","CPTAC3 Discovery and Confirmatory","Primary Tumor","Head and Neck","Head and Neck Squamous Cell Carcinoma","no","Qualified","","","","","","Qualified","Qualified","","","","","","","","","","","","","","","","","","","","","","","","","Clinical Proteomic Tumor Analysis Consortium"
"df5072d5-8f98-11ea-b1fd-0aad30af8a83","CPT0229230003","df4f4f98-8f98-11ea-b1fd-0aad30af8a83","C3L-02617-07","df4e9ef8-8f98-11ea-b1fd-0aad30af8a83","C3L-02617","CPTAC3 Discovery and Confirmatory","Solid Tissue Normal","Head and Neck","Head and Neck Squamous Cell Carcinoma","no","Qualified","","","","","","Qualified","Qualified","","","","","","","","","","","","","","","","","","","","","","","","","Clinical Proteomic Tumor Analysis Consortium"
"df50746f-8f98-11ea-b1fd-0aad30af8a83","CPT0201860004","df4f526b-8f98-11ea-b1fd-0aad30af8a83","C3L-02621-06","df4ea101-8f98-11ea-b1fd-0aad30af8a83","C3L-02621","CPTAC3 Discovery and Confirmatory","Solid Tissue Normal","Head and Neck","Head and Neck Squamous Cell Carcinoma","no","Qualified","","","","","","Qualified","Qualified","","","","","","","","","","","","","","","","","","","","","","","","","Clinical Proteomic Tumor Analysis Consortium"
"df50d921-8f98-11ea-b1fd-0aad30af8a83","CPT0176770003","df4fc902-8f98-11ea-b1fd-0aad30af8a83","C3N-02333-02","df4edf88-8f98-11ea-b1fd-0aad30af8a83","C3N-02333","CPTAC3 Discovery and Confirmatory","Primary Tumor","Head and Neck","Head and Neck Squamous Cell Carcinoma","no","Qualified","","","","","","Qualified","Qualified","","","","","","","","","","","","","","","","","","","","","","","","","Clinical Proteomic Tumor Analysis Consortium"
"df510b5d-8f98-11ea-b1fd-0aad30af8a83","CPT0194260003","df5005c8-8f98-11ea-b1fd-0aad30af8a83","C3N-03488-06","df4f0338-8f98-11ea-b1fd-0aad30af8a83","C3N-03488","CPTAC3 Discovery and Confirmatory","Solid Tissue Normal","Head and Neck","Head and Neck Squamous Cell Carcinoma","no","Qualified","","","","","","Qualified","Qualified","","","","","","","","","","","","","","","","","","","","","","","","","Clinical Proteomic Tumor Analysis Consortium"
"df512dbf-8f98-11ea-b1fd-0aad30af8a83","CPT0222360003","df502f10-8f98-11ea-b1fd-0aad30af8a83","C3N-03889-02","df4f1830-8f98-11ea-b1fd-0aad30af8a83","C3N-03889","CPTAC3 Discovery and Confirmatory","Primary Tumor","Head and Neck","Head and Neck Squamous Cell Carcinoma","no","Qualified","","","","","","Qualified","Qualified","","","","","","","","","","","","","","","","","","","","","","","","","Clinical Proteomic Tumor Analysis Consortium"
"df506d49-8f98-11ea-b1fd-0aad30af8a83","CPT0199830003","df4f49cc-8f98-11ea-b1fd-0aad30af8a83","C3L-01237-06","df4e9e22-8f98-11ea-b1fd-0aad30af8a83","C3L-01237","CPTAC3 Discovery and Confirmatory","Solid Tissue Normal","Head and Neck","Head and Neck Squamous Cell Carcinoma","no","Qualified","","","","","","Qualified","Qualified","","","","","","","","","","","","","","","","","","","","","","","","","Clinical Proteomic Tumor Analysis Consortium"
"df511cd3-8f98-11ea-b1fd-0aad30af8a83","CPT0245680003","df501ab6-8f98-11ea-b1fd-0aad30af8a83","C3N-03785-03","df4f1067-8f98-11ea-b1fd-0aad30af8a83","C3N-03785","CPTAC3 Discovery and Confirmatory","Primary Tumor","Head and Neck","Head and Neck Squamous Cell Carcinoma","no","Qualified","","","","","","Qualified","Qualified","","","","","","","","","","","","","","","","","","","","","","","","","Clinical Proteomic Tumor Analysis Consortium"
"df50b0e8-8f98-11ea-b1fd-0aad30af8a83","CPT0162890003","df4f9a54-8f98-11ea-b1fd-0aad30af8a83","C3N-01643-04","df4ec812-8f98-11ea-b1fd-0aad30af8a83","C3N-01643","CPTAC3 Discovery and Confirmatory","Primary Tumor","Head and Neck","Head and Neck Squamous Cell Carcinoma","no","Disqualified","","","","","","Disqualified","Disqualified","","","","","","","","","","","","","","","","","","","","","","","","","Clinical Proteomic Tumor Analysis Consortium"
"df50a446-8f98-11ea-b1fd-0aad30af8a83","CPT0087990003","df4f8b7d-8f98-11ea-b1fd-0aad30af8a83","C3N-01337-04","df4ec190-8f98-11ea-b1fd-0aad30af8a83","C3N-01337","CPTAC3 Discovery and Confirmatory","Primary Tumor","Head and Neck","Head and Neck Squamous Cell Carcinoma","no","Qualified","","","","","","Qualified","Qualified","","","","","","","","","","","","","","","","","","","","","","","","","Clinical Proteomic Tumor Analysis Consortium"
"df50e1f2-8f98-11ea-b1fd-0aad30af8a83","CPT0190860003","df4fd453-8f98-11ea-b1fd-0aad30af8a83","C3N-02713-06","df4ee623-8f98-11ea-b1fd-0aad30af8a83","C3N-02713","CPTAC3 Discovery and Confirmatory","Solid Tissue Normal","Head and Neck","Head and Neck Squamous Cell Carcinoma","no","Qualified","","","","","","Qualified","Qualified","","","","","","","","","","","","","","","","","","","","","","","","","Clinical Proteomic Tumor Analysis Consortium"
"df50af32-8f98-11ea-b1fd-0aad30af8a83","C3N-01620-05","df4f988c-8f98-11ea-b1fd-0aad30af8a83","C3N-01620-05","df4ec739-8f98-11ea-b1fd-0aad30af8a83","C3N-01620","CPTAC3 Discovery and Confirmatory","Solid Tissue Normal","Head and Neck","Head and Neck Squamous Cell Carcinoma","no","Qualified","","","","","","Qualified","Qualified","","","","","","","","","","","","","","","","","","","","","","","","","Clinical Proteomic Tumor Analysis Consortium"
"df506654-8f98-11ea-b1fd-0aad30af8a83","CPT0123190003","df4f4037-8f98-11ea-b1fd-0aad30af8a83","C3L-00997-07","df4e9a58-8f98-11ea-b1fd-0aad30af8a83","C3L-00997","CPTAC3 Discovery and Confirmatory","Solid Tissue Normal","Head and Neck","Head and Neck Squamous Cell Carcinoma","no","Qualified","","","","","","Qualified","Qualified","","","","","","","","","","","","","","","","","","","","","","","","","Clinical Proteomic Tumor Analysis Consortium"
"df507685-8f98-11ea-b1fd-0aad30af8a83","CPT0241980004","df4f5440-8f98-11ea-b1fd-0aad30af8a83","C3L-02651-04","df4ea1e7-8f98-11ea-b1fd-0aad30af8a83","C3L-02651","CPTAC3 Discovery and Confirmatory","Primary Tumor","Head and Neck","Head and Neck Squamous Cell Carcinoma","no","Qualified","","","","","","Qualified","Qualified","","","","","","","","","","","","","","","","","","","","","","","","","Clinical Proteomic Tumor Analysis Consortium"
"df510298-8f98-11ea-b1fd-0aad30af8a83","CPT0194420003","df4ffbb7-8f98-11ea-b1fd-0aad30af8a83","C3N-03226-02","df4efb5a-8f98-11ea-b1fd-0aad30af8a83","C3N-03226","CPTAC3 Discovery and Confirmatory","Primary Tumor","Head and Neck","Head and Neck Squamous Cell Carcinoma","no","Qualified","","","","","","Qualified","Qualified","","","","","","","","","","","","","","","","","","","","","","","","","Clinical Proteomic Tumor Analysis Consortium"
"df50f530-8f98-11ea-b1fd-0aad30af8a83","CPT0245180003","df4fed08-8f98-11ea-b1fd-0aad30af8a83","C3N-03015-01","df4ef458-8f98-11ea-b1fd-0aad30af8a83","C3N-03015","CPTAC3 Discovery and Confirmatory","Primary Tumor","Head and Neck","Head and Neck Squamous Cell Carcinoma","no","Qualified","","","","","","Qualified","Qualified","","","","","","","","","","","","","","","","","","","","","","","","","Clinical Proteomic Tumor Analysis Consortium"
"df50abd4-8f98-11ea-b1fd-0aad30af8a83","CPT0094560004","df4f949e-8f98-11ea-b1fd-0aad30af8a83","C3N-01340-01","df4ec539-8f98-11ea-b1fd-0aad30af8a83","C3N-01340","CPTAC3 Discovery and Confirmatory","Primary Tumor","Head and Neck","Head and Neck Squamous Cell Carcinoma","no","Qualified","","","","","","Qualified","Qualified","","","","","","","","","","","","","","","","","","","","","","","","","Clinical Proteomic Tumor Analysis Consortium"
"df514174-8f98-11ea-b1fd-0aad30af8a83","CPT0245460003","df504484-8f98-11ea-b1fd-0aad30af8a83","C3N-04278-05","df4f20dd-8f98-11ea-b1fd-0aad30af8a83","C3N-04278","CPTAC3 Discovery and Confirmatory","Solid Tissue Normal","Head and Neck","Head and Neck Squamous Cell Carcinoma","no","Qualified","","","","","","Qualified","Qualified","","","","","","","","","","","","","","","","","","","","","","","","","Clinical Proteomic Tumor Analysis Consortium"
"df50ee5e-8f98-11ea-b1fd-0aad30af8a83","CPT0226270003","df4fe4ae-8f98-11ea-b1fd-0aad30af8a83","C3N-03011-03","df4ef10e-8f98-11ea-b1fd-0aad30af8a83","C3N-03011","CPTAC3 Discovery and Confirmatory","Solid Tissue Normal","Head and Neck","Head and Neck Squamous Cell Carcinoma","no","Qualified","","","","","","Qualified","Qualified","","","","","","","","","","","","","","","","","","","","","","","","","Clinical Proteomic Tumor Analysis Consortium"
"df51424b-8f98-11ea-b1fd-0aad30af8a83","CPT0245500003","df5045ea-8f98-11ea-b1fd-0aad30af8a83","C3N-04279-01","df4f22b3-8f98-11ea-b1fd-0aad30af8a83","C3N-04279","CPTAC3 Discovery and Confirmatory","Primary Tumor","Head and Neck","Head and Neck Squamous Cell Carcinoma","no","Qualified","","","","","","Qualified","Qualified","","","","","","","","","","","","","","","","","","","","","","","","","Clinical Proteomic Tumor Analysis Consortium"
"df511e79-8f98-11ea-b1fd-0aad30af8a83","CPT0236640003","df501d83-8f98-11ea-b1fd-0aad30af8a83","C3N-03837-03","df4f1155-8f98-11ea-b1fd-0aad30af8a83","C3N-03837","CPTAC3 Discovery and Confirmatory","Solid Tissue Normal","Head and Neck","Head and Neck Squamous Cell Carcinoma","no","Qualified","","","","","","Qualified","Qualified","","","","","","","","","","","","","","","","","","","","","","","","","Clinical Proteomic Tumor Analysis Consortium"
"df507e42-8f98-11ea-b1fd-0aad30af8a83","CPT0243090003","df4f5de7-8f98-11ea-b1fd-0aad30af8a83","C3L-04354-02","df4ea7d8-8f98-11ea-b1fd-0aad30af8a83","C3L-04354","CPTAC3 Discovery and Confirmatory","Primary Tumor","Head and Neck","Head and Neck Squamous Cell Carcinoma","no","Qualified","","","","","","Qualified","Qualified","","","","","","","","","","","","","","","","","","","","","","","","","Clinical Proteomic Tumor Analysis Consortium"
"df508537-8f98-11ea-b1fd-0aad30af8a83","CPT0248520003","df4f6605-8f98-11ea-b1fd-0aad30af8a83","C3L-04849-02","df4eac21-8f98-11ea-b1fd-0aad30af8a83","C3L-04849","CPTAC3 Discovery and Confirmatory","Primary Tumor","Head and Neck","Head and Neck Squamous Cell Carcinoma","no","Qualified","","","","","","Qualified","Qualified","","","","","","","","","","","","","","","","","","","","","","","","","Clinical Proteomic Tumor Analysis Consortium"
"df5127ad-8f98-11ea-b1fd-0aad30af8a83","CPT0237500003","df502618-8f98-11ea-b1fd-0aad30af8a83","C3N-03876-03","df4f14e8-8f98-11ea-b1fd-0aad30af8a83","C3N-03876","CPTAC3 Discovery and Confirmatory","Solid Tissue Normal","Head and Neck","Head and Neck Squamous Cell Carcinoma","no","Qualified","","","","","","Qualified","Qualified","","","","","","","","","","","","","","","","","","","","","","","","","Clinical Proteomic Tumor Analysis Consortium"
"df509331-8f98-11ea-b1fd-0aad30af8a83","CPT0008960003","df4f76bb-8f98-11ea-b1fd-0aad30af8a83","C3N-00307-05","df4eb3f1-8f98-11ea-b1fd-0aad30af8a83","C3N-00307","CPTAC3 Discovery and Confirmatory","Solid Tissue Normal","Head and Neck","Head and Neck Squamous Cell Carcinoma","no","Qualified","","","","","","Qualified","Qualified","","","","","","","","","","","","","","","","","","","","","","","","","Clinical Proteomic Tumor Analysis Consortium"
"df50782e-8f98-11ea-b1fd-0aad30af8a83","CPT0199880003","df4f577c-8f98-11ea-b1fd-0aad30af8a83","C3L-03378-04","df4ea3f5-8f98-11ea-b1fd-0aad30af8a83","C3L-03378","CPTAC3 Discovery and Confirmatory","Primary Tumor","Head and Neck","Head and Neck Squamous Cell Carcinoma","no","Qualified","","","","","","Qualified","Qualified","","","","","","","","","","","","","","","","","","","","","","","","","Clinical Proteomic Tumor Analysis Consortium"
"df5073a8-8f98-11ea-b1fd-0aad30af8a83","CPT0201830004","df4f5158-8f98-11ea-b1fd-0aad30af8a83","C3L-02621-03","df4ea101-8f98-11ea-b1fd-0aad30af8a83","C3L-02621","CPTAC3 Discovery and Confirmatory","Primary Tumor","Head and Neck","Head and Neck Squamous Cell Carcinoma","no","Qualified","","","","","","Qualified","Qualified","","","","","","","","","","","","","","","","","","","","","","","","","Clinical Proteomic Tumor Analysis Consortium"
"df508bbc-8f98-11ea-b1fd-0aad30af8a83","C3N-00295-05","df4f6cd2-8f98-11ea-b1fd-0aad30af8a83","C3N-00295-05","df4eaf8f-8f98-11ea-b1fd-0aad30af8a83","C3N-00295","CPTAC3 Discovery and Confirmatory","Solid Tissue Normal","Head and Neck","Head and Neck Squamous Cell Carcinoma","no","Qualified","","","","","","Qualified","Qualified","","","","","","","","","","","","","","","","","","","","","","","","","Clinical Proteomic Tumor Analysis Consortium"
"df509ada-8f98-11ea-b1fd-0aad30af8a83","CPT0094280004","df4f7f88-8f98-11ea-b1fd-0aad30af8a83","C3N-00825-03","df4eb92f-8f98-11ea-b1fd-0aad30af8a83","C3N-00825","CPTAC3 Discovery and Confirmatory","Primary Tumor","Head and Neck","Head and Neck Squamous Cell Carcinoma","no","Qualified","","","","","","Qualified","Qualified","","","","","","","","","","","","","","","","","","","","","","","","","Clinical Proteomic Tumor Analysis Consortium"
"df514465-8f98-11ea-b1fd-0aad30af8a83","C3N-04279-05","df5047ab-8f98-11ea-b1fd-0aad30af8a83","C3N-04279-05","df4f22b3-8f98-11ea-b1fd-0aad30af8a83","C3N-04279","CPTAC3 Discovery and Confirmatory","Solid Tissue Normal","Head and Neck","Head and Neck Squamous Cell Carcinoma","no","Qualified","","","","","","Qualified","Qualified","","","","","","","","","","","","","","","","","","","","","","","","","Clinical Proteomic Tumor Analysis Consortium"
"df510376-8f98-11ea-b1fd-0aad30af8a83","CPT0246540003","df4ffcc6-8f98-11ea-b1fd-0aad30af8a83","C3N-03433-02","df4efd1a-8f98-11ea-b1fd-0aad30af8a83","C3N-03433","CPTAC3 Discovery and Confirmatory","Primary Tumor","Head and Neck","Head and Neck Squamous Cell Carcinoma","no","Qualified","","","","","","Qualified","Qualified","","","","","","","","","","","","","","","","","","","","","","","","","Clinical Proteomic Tumor Analysis Consortium"
"df50b466-8f98-11ea-b1fd-0aad30af8a83","CPT0162940003","df4f9e53-8f98-11ea-b1fd-0aad30af8a83","C3N-01752-02","df4ecafb-8f98-11ea-b1fd-0aad30af8a83","C3N-01752","CPTAC3 Discovery and Confirmatory","Primary Tumor","Head and Neck","Head and Neck Squamous Cell Carcinoma","no","Qualified","","","","","","Qualified","Qualified","","","","","","","","","","","","","","","","","","","","","","","","","Clinical Proteomic Tumor Analysis Consortium"
"df510018-8f98-11ea-b1fd-0aad30af8a83","CPT0235910003","df4ff8a0-8f98-11ea-b1fd-0aad30af8a83","C3N-03045-01","df4efa74-8f98-11ea-b1fd-0aad30af8a83","C3N-03045","CPTAC3 Discovery and Confirmatory","Primary Tumor","Head and Neck","Head and Neck Squamous Cell Carcinoma","no","Qualified","","","","","","Qualified","Qualified","","","","","","","","","","","","","","","","","","","","","","","","","Clinical Proteomic Tumor Analysis Consortium"
"df511aa6-8f98-11ea-b1fd-0aad30af8a83","CPT0245730003","df5019a0-8f98-11ea-b1fd-0aad30af8a83","C3N-03783-01","df4f0e55-8f98-11ea-b1fd-0aad30af8a83","C3N-03783","CPTAC3 Discovery and Confirmatory","Primary Tumor","Head and Neck","Head and Neck Squamous Cell Carcinoma","no","Qualified","","","","","","Qualified","Qualified","","","","","","","","","","","","","","","","","","","","","","","","","Clinical Proteomic Tumor Analysis Consortium"
"df50e716-8f98-11ea-b1fd-0aad30af8a83","CPT0207870004","df4fdbca-8f98-11ea-b1fd-0aad30af8a83","C3N-02730-01","df4eec12-8f98-11ea-b1fd-0aad30af8a83","C3N-02730","CPTAC3 Discovery and Confirmatory","Primary Tumor","Head and Neck","Head and Neck Squamous Cell Carcinoma","no","Qualified","","","","","","Qualified","Qualified","","","","","","","","","","","","","","","","","","","","","","","","","Clinical Proteomic Tumor Analysis Consortium"
"df5136cf-8f98-11ea-b1fd-0aad30af8a83","CPT0245300003","df503973-8f98-11ea-b1fd-0aad30af8a83","C3N-04275-04","df4f1d2d-8f98-11ea-b1fd-0aad30af8a83","C3N-04275","CPTAC3 Discovery and Confirmatory","Primary Tumor","Head and Neck","Head and Neck Squamous Cell Carcinoma","no","Qualified","","","","","","Qualified","Qualified","","","","","","","","","","","","","","","","","","","","","","","","","Clinical Proteomic Tumor Analysis Consortium"
"df50bb7b-8f98-11ea-b1fd-0aad30af8a83","CPT0163240003","df4fa881-8f98-11ea-b1fd-0aad30af8a83","C3N-01757-04","df4ed0d5-8f98-11ea-b1fd-0aad30af8a83","C3N-01757","CPTAC3 Discovery and Confirmatory","Primary Tumor","Head and Neck","Head and Neck Squamous Cell Carcinoma","no","Qualified","","","","","","Qualified","Qualified","","","","","","","","","","","","","","","","","","","","","","","","","Clinical Proteomic Tumor Analysis Consortium"
"df50b1c6-8f98-11ea-b1fd-0aad30af8a83","CPT0088410003","df4f9b69-8f98-11ea-b1fd-0aad30af8a83","C3N-01645-02","df4eca22-8f98-11ea-b1fd-0aad30af8a83","C3N-01645","CPTAC3 Discovery and Confirmatory","Primary Tumor","Head and Neck","Head and Neck Squamous Cell Carcinoma","no","Qualified","","","","","","Qualified","Qualified","","","","","","","","","","","","","","","","","","","","","","","","","Clinical Proteomic Tumor Analysis Consortium"
"df50bf10-8f98-11ea-b1fd-0aad30af8a83","C3N-01758-04","df4fac69-8f98-11ea-b1fd-0aad30af8a83","C3N-01758-04","df4ed1b2-8f98-11ea-b1fd-0aad30af8a83","C3N-01758","CPTAC3 Discovery and Confirmatory","Solid Tissue Normal","Head and Neck","Head and Neck Squamous Cell Carcinoma","no","Qualified","","","","","","Qualified","Qualified","","","","","","","","","","","","","","","","","","","","","","","","","Clinical Proteomic Tumor Analysis Consortium"
"df51330d-8f98-11ea-b1fd-0aad30af8a83","CPT0220620003","df5034c7-8f98-11ea-b1fd-0aad30af8a83","C3N-03933-06","df4f19d3-8f98-11ea-b1fd-0aad30af8a83","C3N-03933","CPTAC3 Discovery and Confirmatory","Solid Tissue Normal","Head and Neck","Head and Neck Squamous Cell Carcinoma","no","Qualified","","","","","","Qualified","Qualified","","","","","","","","","","","","","","","","","","","","","","","","","Clinical Proteomic Tumor Analysis Consortium"
"df510e07-8f98-11ea-b1fd-0aad30af8a83","CPT0195700003","df50089f-8f98-11ea-b1fd-0aad30af8a83","C3N-03490-06","df4f0514-8f98-11ea-b1fd-0aad30af8a83","C3N-03490","CPTAC3 Discovery and Confirmatory","Solid Tissue Normal","Head and Neck","Head and Neck Squamous Cell Carcinoma","no","Qualified","","","","","","Qualified","Qualified","","","","","","","","","","","","","","","","","","","","","","","","","Clinical Proteomic Tumor Analysis Consortium"
"df5096f9-8f98-11ea-b1fd-0aad30af8a83","CPT0013430003","df4f7af4-8f98-11ea-b1fd-0aad30af8a83","C3N-00519-02","df4eb697-8f98-11ea-b1fd-0aad30af8a83","C3N-00519","CPTAC3 Discovery and Confirmatory","Primary Tumor","Head and Neck","Head and Neck Squamous Cell Carcinoma","no","Qualified","","","","","","Qualified","Qualified","","","","","","","","","","","","","","","","","","","","","","","","","Clinical Proteomic Tumor Analysis Consortium"
"df50940e-8f98-11ea-b1fd-0aad30af8a83","CPT0013000004","df4f7820-8f98-11ea-b1fd-0aad30af8a83","C3N-00498-02","df4eb5b7-8f98-11ea-b1fd-0aad30af8a83","C3N-00498","CPTAC3 Discovery and Confirmatory","Primary Tumor","Head and Neck","Head and Neck Squamous Cell Carcinoma","no","Qualified","","","","","","Qualified","Qualified","","","","","","","","","","","","","","","","","","","","","","","","","Clinical Proteomic Tumor Analysis Consortium"
"df509bbf-8f98-11ea-b1fd-0aad30af8a83","CPT0013130003","df4f80a8-8f98-11ea-b1fd-0aad30af8a83","C3N-00828-04","df4eba07-8f98-11ea-b1fd-0aad30af8a83","C3N-00828","CPTAC3 Discovery and Confirmatory","Primary Tumor","Head and Neck","Head and Neck Squamous Cell Carcinoma","no","Qualified","","","","","","Qualified","Qualified","","","","","","","","","","","","","","","","","","","","","","","","","Clinical Proteomic Tumor Analysis Consortium"
"df507b2f-8f98-11ea-b1fd-0aad30af8a83","CPT0256560003","df4f5a9b-8f98-11ea-b1fd-0aad30af8a83","C3L-04025-03","df4ea4dc-8f98-11ea-b1fd-0aad30af8a83","C3L-04025","CPTAC3 Discovery and Confirmatory","Primary Tumor","Head and Neck","Head and Neck Squamous Cell Carcinoma","no","Qualified","","","","","","Qualified","Qualified","","","","","","","","","","","","","","","","","","","","","","","","","Clinical Proteomic Tumor Analysis Consortium"
"df51133e-8f98-11ea-b1fd-0aad30af8a83","CPT0196040003","df500f8c-8f98-11ea-b1fd-0aad30af8a83","C3N-03620-02","df4f08ad-8f98-11ea-b1fd-0aad30af8a83","C3N-03620","CPTAC3 Discovery and Confirmatory","Primary Tumor","Head and Neck","Head and Neck Squamous Cell Carcinoma","no","Qualified","","","","","","Qualified","Qualified","","","","","","","","","","","","","","","","","","","","","","","","","Clinical Proteomic Tumor Analysis Consortium"
"df50df4d-8f98-11ea-b1fd-0aad30af8a83","CPT0177010003","df4fd0ef-8f98-11ea-b1fd-0aad30af8a83","C3N-02700-01","df4ee534-8f98-11ea-b1fd-0aad30af8a83","C3N-02700","CPTAC3 Discovery and Confirmatory","Primary Tumor","Head and Neck","Head and Neck Squamous Cell Carcinoma","no","Qualified","","","","","","Qualified","Qualified","","","","","","","","","","","","","","","","","","","","","","","","","Clinical Proteomic Tumor Analysis Consortium"
"df50f07a-8f98-11ea-b1fd-0aad30af8a83","CPT0226340003","df4fe5c9-8f98-11ea-b1fd-0aad30af8a83","C3N-03012-01","df4ef2ab-8f98-11ea-b1fd-0aad30af8a83","C3N-03012","CPTAC3 Discovery and Confirmatory","Primary Tumor","Head and Neck","Head and Neck Squamous Cell Carcinoma","no","Qualified","","","","","","Qualified","Qualified","","","","","","","","","","","","","","","","","","","","","","","","","Clinical Proteomic Tumor Analysis Consortium"
"df5070d6-8f98-11ea-b1fd-0aad30af8a83","CPT0229220002","df4f4e74-8f98-11ea-b1fd-0aad30af8a83","C3L-02617-06","df4e9ef8-8f98-11ea-b1fd-0aad30af8a83","C3L-02617","CPTAC3 Discovery and Confirmatory","Solid Tissue Normal","Head and Neck","Head and Neck Squamous Cell Carcinoma","no","Qualified","","","","","","Qualified","Qualified","","","","","","","","","","","","","","","","","","","","","","","","","Clinical Proteomic Tumor Analysis Consortium"
"df50c688-8f98-11ea-b1fd-0aad30af8a83","CPT0163430003","df4fb4fa-8f98-11ea-b1fd-0aad30af8a83","C3N-01943-06","df4ed504-8f98-11ea-b1fd-0aad30af8a83","C3N-01943","CPTAC3 Discovery and Confirmatory","Solid Tissue Normal","Head and Neck","Head and Neck Squamous Cell Carcinoma","no","Qualified","","","","","","Qualified","Qualified","","","","","","","","","","","","","","","","","","","","","","","","","Clinical Proteomic Tumor Analysis Consortium"
"df50f92c-8f98-11ea-b1fd-0aad30af8a83","CPT0226400003","df4ff0e6-8f98-11ea-b1fd-0aad30af8a83","C3N-03027-03","df4ef6b1-8f98-11ea-b1fd-0aad30af8a83","C3N-03027","CPTAC3 Discovery and Confirmatory","Solid Tissue Normal","Head and Neck","Head and Neck Squamous Cell Carcinoma","no","Qualified","","","","","","Qualified","Qualified","","","","","","","","","","","","","","","","","","","","","","","","","Clinical Proteomic Tumor Analysis Consortium"
"df50c0b0-8f98-11ea-b1fd-0aad30af8a83","CPT0163860003","df4faf3f-8f98-11ea-b1fd-0aad30af8a83","C3N-01858-05","df4ed282-8f98-11ea-b1fd-0aad30af8a83","C3N-01858","CPTAC3 Discovery and Confirmatory","Solid Tissue Normal","Head and Neck","Head and Neck Squamous Cell Carcinoma","no","Qualified","","","","","","Qualified","Qualified","","","","","","","","","","","","","","","","","","","","","","","","","Clinical Proteomic Tumor Analysis Consortium"
"df50e2d0-8f98-11ea-b1fd-0aad30af8a83","CPT0177200003","df4fd60a-8f98-11ea-b1fd-0aad30af8a83","C3N-02714-02","df4ee821-8f98-11ea-b1fd-0aad30af8a83","C3N-02714","CPTAC3 Discovery and Confirmatory","Primary Tumor","Head and Neck","Head and Neck Squamous Cell Carcinoma","no","Qualified","","","","","","Qualified","Qualified","","","","","","","","","","","","","","","","","","","","","","","","","Clinical Proteomic Tumor Analysis Consortium"
"df50cc06-8f98-11ea-b1fd-0aad30af8a83","CPT0163600003","df4fbbea-8f98-11ea-b1fd-0aad30af8a83","C3N-01946-01","df4ed85e-8f98-11ea-b1fd-0aad30af8a83","C3N-01946","CPTAC3 Discovery and Confirmatory","Primary Tumor","Head and Neck","Head and Neck Squamous Cell Carcinoma","no","Qualified","","","","","","Qualified","Qualified","","","","","","","","","","","","","","","","","","","","","","","","","Clinical Proteomic Tumor Analysis Consortium"
"df5061f5-8f98-11ea-b1fd-0aad30af8a83","CPT0169750003","df4f3a47-8f98-11ea-b1fd-0aad30af8a83","C3L-00994-07","df4e970b-8f98-11ea-b1fd-0aad30af8a83","C3L-00994","CPTAC3 Discovery and Confirmatory","Solid Tissue Normal","Head and Neck","Head and Neck Squamous Cell Carcinoma","no","Qualified","","","","","","Qualified","Qualified","","","","","","","","","","","","","","","","","","","","","","","","","Clinical Proteomic Tumor Analysis Consortium"
"df512197-8f98-11ea-b1fd-0aad30af8a83","CPT0236870003","df502056-8f98-11ea-b1fd-0aad30af8a83","C3N-03841-03","df4f1268-8f98-11ea-b1fd-0aad30af8a83","C3N-03841","CPTAC3 Discovery and Confirmatory","Solid Tissue Normal","Head and Neck","Head and Neck Squamous Cell Carcinoma","no","Qualified","","","","","","Qualified","Qualified","","","","","","","","","","","","","","","","","","","","","","","","","Clinical Proteomic Tumor Analysis Consortium"
"df5125fc-8f98-11ea-b1fd-0aad30af8a83","CPT0237480004","df50250d-8f98-11ea-b1fd-0aad30af8a83","C3N-03876-01","df4f14e8-8f98-11ea-b1fd-0aad30af8a83","C3N-03876","CPTAC3 Discovery and Confirmatory","Primary Tumor","Head and Neck","Head and Neck Squamous Cell Carcinoma","no","Qualified","","","","","","Qualified","Qualified","","","","","","","","","","","","","","","","","","","","","","","","","Clinical Proteomic Tumor Analysis Consortium"
"df5107cc-8f98-11ea-b1fd-0aad30af8a83","CPT0246670003","df50013e-8f98-11ea-b1fd-0aad30af8a83","C3N-03458-01","df4f0094-8f98-11ea-b1fd-0aad30af8a83","C3N-03458","CPTAC3 Discovery and Confirmatory","Primary Tumor","Head and Neck","Head and Neck Squamous Cell Carcinoma","no","Qualified","","","","","","Qualified","Qualified","","","","","","","","","","","","","","","","","","","","","","","","","Clinical Proteomic Tumor Analysis Consortium"
"df51044b-8f98-11ea-b1fd-0aad30af8a83","CPT0246590003","df4ffeb8-8f98-11ea-b1fd-0aad30af8a83","C3N-03456-01","df4efdf1-8f98-11ea-b1fd-0aad30af8a83","C3N-03456","CPTAC3 Discovery and Confirmatory","Primary Tumor","Head and Neck","Head and Neck Squamous Cell Carcinoma","no","Qualified","","","","","","Qualified","Qualified","","","","","","","","","","","","","","","","","","","","","","","","","Clinical Proteomic Tumor Analysis Consortium"
"df512965-8f98-11ea-b1fd-0aad30af8a83","CPT0237640003","df502909-8f98-11ea-b1fd-0aad30af8a83","C3N-03878-03","df4f15be-8f98-11ea-b1fd-0aad30af8a83","C3N-03878","CPTAC3 Discovery and Confirmatory","Solid Tissue Normal","Head and Neck","Head and Neck Squamous Cell Carcinoma","no","Qualified","","","","","","Qualified","Qualified","","","","","","","","","","","","","","","","","","","","","","","","","Clinical Proteomic Tumor Analysis Consortium"
"df5087b9-8f98-11ea-b1fd-0aad30af8a83","CPT0084630009","df4f68dd-8f98-11ea-b1fd-0aad30af8a83","C3N-00204-03","df4eaeb4-8f98-11ea-b1fd-0aad30af8a83","C3N-00204","CPTAC3 Discovery and Confirmatory","Primary Tumor","Head and Neck","Head and Neck Squamous Cell Carcinoma","no","Qualified","","","","","","Qualified","Qualified","","","","","","","","","","","","","","","","","","","","","","","","","Clinical Proteomic Tumor Analysis Consortium"
"df507a57-8f98-11ea-b1fd-0aad30af8a83","CPT0199890003","df4f58a8-8f98-11ea-b1fd-0aad30af8a83","C3L-03378-05","df4ea3f5-8f98-11ea-b1fd-0aad30af8a83","C3L-03378","CPTAC3 Discovery and Confirmatory","Solid Tissue Normal","Head and Neck","Head and Neck Squamous Cell Carcinoma","no","Qualified","","","","","","Qualified","Qualified","","","","","","","","","","","","","","","","","","","","","","","","","Clinical Proteomic Tumor Analysis Consortium"
"df5062c2-8f98-11ea-b1fd-0aad30af8a83","CPT0169890003","df4f3c26-8f98-11ea-b1fd-0aad30af8a83","C3L-00995-02","df4e9966-8f98-11ea-b1fd-0aad30af8a83","C3L-00995","CPTAC3 Discovery and Confirmatory","Primary Tumor","Head and Neck","Head and Neck Squamous Cell Carcinoma","no","Qualified","","","","","","Qualified","Qualified","","","","","","","","","","","","","","","","","","","","","","","","","Clinical Proteomic Tumor Analysis Consortium"
"df509eb7-8f98-11ea-b1fd-0aad30af8a83","CPT0013250003","df4f8393-8f98-11ea-b1fd-0aad30af8a83","C3N-00829-05","df4ebbd7-8f98-11ea-b1fd-0aad30af8a83","C3N-00829","CPTAC3 Discovery and Confirmatory","Solid Tissue Normal","Head and Neck","Head and Neck Squamous Cell Carcinoma","no","Qualified","","","","","","Qualified","Qualified","","","","","","","","","","","","","","","","","","","","","","","","","Clinical Proteomic Tumor Analysis Consortium"
"df5120be-8f98-11ea-b1fd-0aad30af8a83","CPT0236850004","df501f47-8f98-11ea-b1fd-0aad30af8a83","C3N-03841-01","df4f1268-8f98-11ea-b1fd-0aad30af8a83","C3N-03841","CPTAC3 Discovery and Confirmatory","Primary Tumor","Head and Neck","Head and Neck Squamous Cell Carcinoma","no","Qualified","","","","","","Qualified","Qualified","","","","","","","","","","","","","","","","","","","","","","","","","Clinical Proteomic Tumor Analysis Consortium"
"df508f9c-8f98-11ea-b1fd-0aad30af8a83","CPT0011290003","df4f71a3-8f98-11ea-b1fd-0aad30af8a83","C3N-00306-02","df4eb2e7-8f98-11ea-b1fd-0aad30af8a83","C3N-00306","CPTAC3 Discovery and Confirmatory","Primary Tumor","Head and Neck","Head and Neck Squamous Cell Carcinoma","no","Qualified","","","","","","Qualified","Qualified","","","","","","","","","","","","","","","","","","","","","","","","","Clinical Proteomic Tumor Analysis Consortium"
"df505d94-8f98-11ea-b1fd-0aad30af8a83","CPT0169640003","df4f3418-8f98-11ea-b1fd-0aad30af8a83","C3L-00977-02","df4e907e-8f98-11ea-b1fd-0aad30af8a83","C3L-00977","CPTAC3 Discovery and Confirmatory","Primary Tumor","Head and Neck","Head and Neck Squamous Cell Carcinoma","no","Qualified","","","","","","Qualified","Qualified","","","","","","","","","","","","","","","","","","","","","","","","","Clinical Proteomic Tumor Analysis Consortium"
"df507761-8f98-11ea-b1fd-0aad30af8a83","CPT0242000004","df4f555f-8f98-11ea-b1fd-0aad30af8a83","C3L-02651-06","df4ea1e7-8f98-11ea-b1fd-0aad30af8a83","C3L-02651","CPTAC3 Discovery and Confirmatory","Solid Tissue Normal","Head and Neck","Head and Neck Squamous Cell Carcinoma","no","Qualified","","","","","","Qualified","Qualified","","","","","","","","","","","","","","","","","","","","","","","","","Clinical Proteomic Tumor Analysis Consortium"
"df50895c-8f98-11ea-b1fd-0aad30af8a83","CPT0008520008","df4f6bc1-8f98-11ea-b1fd-0aad30af8a83","C3N-00295-03","df4eaf8f-8f98-11ea-b1fd-0aad30af8a83","C3N-00295","CPTAC3 Discovery and Confirmatory","Primary Tumor","Head and Neck","Head and Neck Squamous Cell Carcinoma","no","Qualified","","","","","","Qualified","Qualified","","","","","","","","","","","","","","","","","","","","","","","","","Clinical Proteomic Tumor Analysis Consortium"
"df50bd19-8f98-11ea-b1fd-0aad30af8a83","CPT0163340003","df4fab53-8f98-11ea-b1fd-0aad30af8a83","C3N-01758-03","df4ed1b2-8f98-11ea-b1fd-0aad30af8a83","C3N-01758","CPTAC3 Discovery and Confirmatory","Primary Tumor","Head and Neck","Head and Neck Squamous Cell Carcinoma","no","Qualified","","","","","","Qualified","Qualified","","","","","","","","","","","","","","","","","","","","","","","","","Clinical Proteomic Tumor Analysis Consortium"
"df509c91-8f98-11ea-b1fd-0aad30af8a83","CPT0013210004","df4f8281-8f98-11ea-b1fd-0aad30af8a83","C3N-00829-01","df4ebbd7-8f98-11ea-b1fd-0aad30af8a83","C3N-00829","CPTAC3 Discovery and Confirmatory","Primary Tumor","Head and Neck","Head and Neck Squamous Cell Carcinoma","no","Qualified","","","","","","Qualified","Qualified","","","","","","","","","","","","","","","","","","","","","","","","","Clinical Proteomic Tumor Analysis Consortium"
"df50a29f-8f98-11ea-b1fd-0aad30af8a83","C3N-00857-05","df4f8873-8f98-11ea-b1fd-0aad30af8a83","C3N-00857-05","df4ebebb-8f98-11ea-b1fd-0aad30af8a83","C3N-00857","CPTAC3 Discovery and Confirmatory","Solid Tissue Normal","Head and Neck","Head and Neck Squamous Cell Carcinoma","no","Qualified","","","","","","Qualified","Qualified","","","","","","","","","","","","","","","","","","","","","","","","","Clinical Proteomic Tumor Analysis Consortium"
"df506589-8f98-11ea-b1fd-0aad30af8a83","CPT0123180003","df4f3f1d-8f98-11ea-b1fd-0aad30af8a83","C3L-00997-04","df4e9a58-8f98-11ea-b1fd-0aad30af8a83","C3L-00997","CPTAC3 Discovery and Confirmatory","Primary Tumor","Head and Neck","Head and Neck Squamous Cell Carcinoma","no","Qualified","","","","","","Qualified","Qualified","","","","","","","","","","","","","","","","","","","","","","","","","Clinical Proteomic Tumor Analysis Consortium"
"df50b8be-8f98-11ea-b1fd-0aad30af8a83","CPT0163160003","df4fa54a-8f98-11ea-b1fd-0aad30af8a83","C3N-01756-01","df4ecf32-8f98-11ea-b1fd-0aad30af8a83","C3N-01756","CPTAC3 Discovery and Confirmatory","Primary Tumor","Head and Neck","Head and Neck Squamous Cell Carcinoma","no","Qualified","","","","","","Qualified","Qualified","","","","","","","","","","","","","","","","","","","","","","","","","Clinical Proteomic Tumor Analysis Consortium"
"df50eab2-8f98-11ea-b1fd-0aad30af8a83","CPT0245020003","df4fdfd2-8f98-11ea-b1fd-0aad30af8a83","C3N-03008-03","df4eef1c-8f98-11ea-b1fd-0aad30af8a83","C3N-03008","CPTAC3 Discovery and Confirmatory","Solid Tissue Normal","Head and Neck","Head and Neck Squamous Cell Carcinoma","no","Qualified","","","","","","Qualified","Qualified","","","","","","","","","","","","","","","","","","","","","","","","","Clinical Proteomic Tumor Analysis Consortium"
"df50845d-8f98-11ea-b1fd-0aad30af8a83","CPT0248350003","df4f6447-8f98-11ea-b1fd-0aad30af8a83","C3L-04844-03","df4eaafe-8f98-11ea-b1fd-0aad30af8a83","C3L-04844","CPTAC3 Discovery and Confirmatory","Solid Tissue Normal","Head and Neck","Head and Neck Squamous Cell Carcinoma","no","Qualified","","","","","","Qualified","Qualified","","","","","","","","","","","","","","","","","","","","","","","","","Clinical Proteomic Tumor Analysis Consortium"
"df513f68-8f98-11ea-b1fd-0aad30af8a83","CPT0245450003","df504274-8f98-11ea-b1fd-0aad30af8a83","C3N-04278-01","df4f20dd-8f98-11ea-b1fd-0aad30af8a83","C3N-04278","CPTAC3 Discovery and Confirmatory","Primary Tumor","Head and Neck","Head and Neck Squamous Cell Carcinoma","no","Qualified","","","","","","Qualified","Qualified","","","","","","","","","","","","","","","","","","","","","","","","","Clinical Proteomic Tumor Analysis Consortium"
"df50c765-8f98-11ea-b1fd-0aad30af8a83","CPT0163480003","df4fb6da-8f98-11ea-b1fd-0aad30af8a83","C3N-01944-01","df4ed5d3-8f98-11ea-b1fd-0aad30af8a83","C3N-01944","CPTAC3 Discovery and Confirmatory","Primary Tumor","Head and Neck","Head and Neck Squamous Cell Carcinoma","no","Qualified","","","","","","Qualified","Qualified","","","","","","","","","","","","","","","","","","","","","","","","","Clinical Proteomic Tumor Analysis Consortium"
"df514762-8f98-11ea-b1fd-0aad30af8a83","CPT0261520003","df504a87-8f98-11ea-b1fd-0aad30af8a83","C3N-04611-01","df4f2567-8f98-11ea-b1fd-0aad30af8a83","C3N-04611","CPTAC3 Discovery and Confirmatory","Primary Tumor","Head and Neck","Head and Neck Squamous Cell Carcinoma","no","Qualified","","","","","","Qualified","Qualified","","","","","","","","","","","","","","","","","","","","","","","","","Clinical Proteomic Tumor Analysis Consortium"
"df50e64f-8f98-11ea-b1fd-0aad30af8a83","CPT0177710003","df4fda01-8f98-11ea-b1fd-0aad30af8a83","C3N-02727-02","df4eeb29-8f98-11ea-b1fd-0aad30af8a83","C3N-02727","CPTAC3 Discovery and Confirmatory","Primary Tumor","Head and Neck","Head and Neck Squamous Cell Carcinoma","no","Qualified","","","","","","Qualified","Qualified","","","","","","","","","","","","","","","","","","","","","","","","","Clinical Proteomic Tumor Analysis Consortium"
"df51252e-8f98-11ea-b1fd-0aad30af8a83","CPT0237150003","df502332-8f98-11ea-b1fd-0aad30af8a83","C3N-03849-03","df4f1344-8f98-11ea-b1fd-0aad30af8a83","C3N-03849","CPTAC3 Discovery and Confirmatory","Solid Tissue Normal","Head and Neck","Head and Neck Squamous Cell Carcinoma","no","Qualified","","","","","","Qualified","Qualified","","","","","","","","","","","","","","","","","","","","","","","","","Clinical Proteomic Tumor Analysis Consortium"
"df50f850-8f98-11ea-b1fd-0aad30af8a83","CPT0226390003","df4fefd8-8f98-11ea-b1fd-0aad30af8a83","C3N-03027-01","df4ef6b1-8f98-11ea-b1fd-0aad30af8a83","C3N-03027","CPTAC3 Discovery and Confirmatory","Primary Tumor","Head and Neck","Head and Neck Squamous Cell Carcinoma","no","Qualified","","","","","","Qualified","Qualified","","","","","","","","","","","","","","","","","","","","","","","","","Clinical Proteomic Tumor Analysis Consortium"
"df505e97-8f98-11ea-b1fd-0aad30af8a83","CPT0127050003","df4f3614-8f98-11ea-b1fd-0aad30af8a83","C3L-00987-01","df4e95d2-8f98-11ea-b1fd-0aad30af8a83","C3L-00987","CPTAC3 Discovery and Confirmatory","Primary Tumor","Head and Neck","Head and Neck Squamous Cell Carcinoma","no","Qualified","","","","","","Qualified","Qualified","","","","","","","","","","","","","","","","","","","","","","","","","Clinical Proteomic Tumor Analysis Consortium"
"df50cf46-8f98-11ea-b1fd-0aad30af8a83","CPT0226030003","df4fbf1d-8f98-11ea-b1fd-0aad30af8a83","C3N-01947-02","df4eda1a-8f98-11ea-b1fd-0aad30af8a83","C3N-01947","CPTAC3 Discovery and Confirmatory","Primary Tumor","Head and Neck","Head and Neck Squamous Cell Carcinoma","no","Qualified","","","","","","Qualified","Qualified","","","","","","","","","","","","","","","","","","","","","","","","","Clinical Proteomic Tumor Analysis Consortium"
"df50c833-8f98-11ea-b1fd-0aad30af8a83","CPT0163490003","df4fb7f3-8f98-11ea-b1fd-0aad30af8a83","C3N-01944-04","df4ed5d3-8f98-11ea-b1fd-0aad30af8a83","C3N-01944","CPTAC3 Discovery and Confirmatory","Solid Tissue Normal","Head and Neck","Head and Neck Squamous Cell Carcinoma","no","Qualified","","","","","","Qualified","Qualified","","","","","","","","","","","","","","","","","","","","","","","","","Clinical Proteomic Tumor Analysis Consortium"
"df50700b-8f98-11ea-b1fd-0aad30af8a83","CPT0229210003","df4f4ca1-8f98-11ea-b1fd-0aad30af8a83","C3L-02617-05","df4e9ef8-8f98-11ea-b1fd-0aad30af8a83","C3L-02617","CPTAC3 Discovery and Confirmatory","Primary Tumor","Head and Neck","Head and Neck Squamous Cell Carcinoma","no","Disqualified","","","","","","Qualified","Disqualified","","","","","","","","","","","","","","","","","","","","","","","","","Clinical Proteomic Tumor Analysis Consortium"
"df50a37a-8f98-11ea-b1fd-0aad30af8a83","CPT0094420004","df4f8990-8f98-11ea-b1fd-0aad30af8a83","C3N-00871-01","df4ebfa3-8f98-11ea-b1fd-0aad30af8a83","C3N-00871","CPTAC3 Discovery and Confirmatory","Primary Tumor","Head and Neck","Head and Neck Squamous Cell Carcinoma","no","Qualified","","","","","","Qualified","Qualified","","","","","","","","","","","","","","","","","","","","","","","","","Clinical Proteomic Tumor Analysis Consortium"
"df5106b7-8f98-11ea-b1fd-0aad30af8a83","CPT0246620003","df4fffe4-8f98-11ea-b1fd-0aad30af8a83","C3N-03457-02","df4effbc-8f98-11ea-b1fd-0aad30af8a83","C3N-03457","CPTAC3 Discovery and Confirmatory","Primary Tumor","Head and Neck","Head and Neck Squamous Cell Carcinoma","no","Qualified","","","","","","Qualified","Qualified","","","","","","","","","","","","","","","","","","","","","","","","","Clinical Proteomic Tumor Analysis Consortium"
"df50ecb9-8f98-11ea-b1fd-0aad30af8a83","CPT0245060004","df4fe1b4-8f98-11ea-b1fd-0aad30af8a83","C3N-03009-01","df4ef039-8f98-11ea-b1fd-0aad30af8a83","C3N-03009","CPTAC3 Discovery and Confirmatory","Primary Tumor","Head and Neck","Head and Neck Squamous Cell Carcinoma","no","Qualified","","","","","","Qualified","Qualified","","","","","","","","","","","","","","","","","","","","","","","","","Clinical Proteomic Tumor Analysis Consortium"
"df513c77-8f98-11ea-b1fd-0aad30af8a83","CPT0245400003","df503f6c-8f98-11ea-b1fd-0aad30af8a83","C3N-04277-02","df4f1fff-8f98-11ea-b1fd-0aad30af8a83","C3N-04277","CPTAC3 Discovery and Confirmatory","Primary Tumor","Head and Neck","Head and Neck Squamous Cell Carcinoma","no","Qualified","","","","","","Qualified","Qualified","","","","","","","","","","","","","","","","","","","","","","","","","Clinical Proteomic Tumor Analysis Consortium"
"df51313e-8f98-11ea-b1fd-0aad30af8a83","CPT0220610003","df5033be-8f98-11ea-b1fd-0aad30af8a83","C3N-03933-03","df4f19d3-8f98-11ea-b1fd-0aad30af8a83","C3N-03933","CPTAC3 Discovery and Confirmatory","Primary Tumor","Head and Neck","Head and Neck Squamous Cell Carcinoma","no","Qualified","","","","","","Qualified","Qualified","","","","","","","","","","","","","","","","","","","","","","","","","Clinical Proteomic Tumor Analysis Consortium"
"df5135ed-8f98-11ea-b1fd-0aad30af8a83","CPT0245230004","df50379b-8f98-11ea-b1fd-0aad30af8a83","C3N-04273-01","df4f1c60-8f98-11ea-b1fd-0aad30af8a83","C3N-04273","CPTAC3 Discovery and Confirmatory","Primary Tumor","Head and Neck","Head and Neck Squamous Cell Carcinoma","no","Qualified","","","","","","Qualified","Qualified","","","","","","","","","","","","","","","","","","","","","","","","","Clinical Proteomic Tumor Analysis Consortium"
"df5094d9-8f98-11ea-b1fd-0aad30af8a83","CPT0013030003","df4f79d8-8f98-11ea-b1fd-0aad30af8a83","C3N-00498-05","df4eb5b7-8f98-11ea-b1fd-0aad30af8a83","C3N-00498","CPTAC3 Discovery and Confirmatory","Solid Tissue Normal","Head and Neck","Head and Neck Squamous Cell Carcinoma","no","Qualified","","","","","","Qualified","Qualified","","","","","","","","","","","","","","","","","","","","","","","","","Clinical Proteomic Tumor Analysis Consortium"
"df511273-8f98-11ea-b1fd-0aad30af8a83","CPT0195880003","df500e73-8f98-11ea-b1fd-0aad30af8a83","C3N-03619-06","df4f07d3-8f98-11ea-b1fd-0aad30af8a83","C3N-03619","CPTAC3 Discovery and Confirmatory","Solid Tissue Normal","Head and Neck","Head and Neck Squamous Cell Carcinoma","no","Qualified","","","","","","Qualified","Qualified","","","","","","","","","","","","","","","","","","","","","","","","","Clinical Proteomic Tumor Analysis Consortium"
"df5100e7-8f98-11ea-b1fd-0aad30af8a83","CPT0235920003","df4ff9c7-8f98-11ea-b1fd-0aad30af8a83","C3N-03045-02","df4efa74-8f98-11ea-b1fd-0aad30af8a83","C3N-03045","CPTAC3 Discovery and Confirmatory","Solid Tissue Normal","Head and Neck","Head and Neck Squamous Cell Carcinoma","no","Qualified","","","","","","Qualified","Qualified","","","","","","","","","","","","","","","","","","","","","","","","","Clinical Proteomic Tumor Analysis Consortium"
"df5097e3-8f98-11ea-b1fd-0aad30af8a83","CPT0013460003","df4f7ca6-8f98-11ea-b1fd-0aad30af8a83","C3N-00519-05","df4eb697-8f98-11ea-b1fd-0aad30af8a83","C3N-00519","CPTAC3 Discovery and Confirmatory","Solid Tissue Normal","Head and Neck","Head and Neck Squamous Cell Carcinoma","no","Qualified","","","","","","Qualified","Qualified","","","","","","","","","","","","","","","","","","","","","","","","","Clinical Proteomic Tumor Analysis Consortium"
"df512e97-8f98-11ea-b1fd-0aad30af8a83","CPT0223450003","df5030f2-8f98-11ea-b1fd-0aad30af8a83","C3N-03928-03","df4f1907-8f98-11ea-b1fd-0aad30af8a83","C3N-03928","CPTAC3 Discovery and Confirmatory","Primary Tumor","Head and Neck","Head and Neck Squamous Cell Carcinoma","no","Qualified","","","","","","Qualified","Qualified","","","","","","","","","","","","","","","","","","","","","","","","","Clinical Proteomic Tumor Analysis Consortium"
"df50611b-8f98-11ea-b1fd-0aad30af8a83","CPT0169740004","df4f391f-8f98-11ea-b1fd-0aad30af8a83","C3L-00994-06","df4e970b-8f98-11ea-b1fd-0aad30af8a83","C3L-00994","CPTAC3 Discovery and Confirmatory","Solid Tissue Normal","Head and Neck","Head and Neck Squamous Cell Carcinoma","no","Qualified","","","","","","Qualified","Qualified","","","","","","","","","","","","","","","","","","","","","","","","","Clinical Proteomic Tumor Analysis Consortium"
"df50d3e3-8f98-11ea-b1fd-0aad30af8a83","CPT0163720003","df4fc332-8f98-11ea-b1fd-0aad30af8a83","C3N-02275-02","df4edcd7-8f98-11ea-b1fd-0aad30af8a83","C3N-02275","CPTAC3 Discovery and Confirmatory","Solid Tissue Normal","Head and Neck","Head and Neck Squamous Cell Carcinoma","no","Disqualified","","","","","","Qualified","Disqualified","","","","","","","","","","","","","","","","","","","","","","","","","Clinical Proteomic Tumor Analysis Consortium"
"df506f35-8f98-11ea-b1fd-0aad30af8a83","CPT0229190003","df4f4b89-8f98-11ea-b1fd-0aad30af8a83","C3L-02617-03","df4e9ef8-8f98-11ea-b1fd-0aad30af8a83","C3L-02617","CPTAC3 Discovery and Confirmatory","Primary Tumor","Head and Neck","Head and Neck Squamous Cell Carcinoma","no","Qualified","","","","","","Qualified","Qualified","","","","","","","","","","","","","","","","","","","","","","","","","Clinical Proteomic Tumor Analysis Consortium"
"df50ff40-8f98-11ea-b1fd-0aad30af8a83","CPT0235470002","df4ff693-8f98-11ea-b1fd-0aad30af8a83","C3N-03042-05","df4ef87b-8f98-11ea-b1fd-0aad30af8a83","C3N-03042","CPTAC3 Discovery and Confirmatory","Solid Tissue Normal","Head and Neck","Head and Neck Squamous Cell Carcinoma","no","Qualified","","","","","","Qualified","Qualified","","","","","","","","","","","","","","","","","","","","","","","","","Clinical Proteomic Tumor Analysis Consortium"
"df50a9df-8f98-11ea-b1fd-0aad30af8a83","CPT0088080003","df4f90f5-8f98-11ea-b1fd-0aad30af8a83","C3N-01338-05","df4ec26a-8f98-11ea-b1fd-0aad30af8a83","C3N-01338","CPTAC3 Discovery and Confirmatory","Solid Tissue Normal","Head and Neck","Head and Neck Squamous Cell Carcinoma","no","Qualified","","","","","","Qualified","Qualified","","","","","","","","","","","","","","","","","","","","","","","","","Clinical Proteomic Tumor Analysis Consortium"
"df50ae63-8f98-11ea-b1fd-0aad30af8a83","CPT0095040003","df4f977a-8f98-11ea-b1fd-0aad30af8a83","C3N-01620-03","df4ec739-8f98-11ea-b1fd-0aad30af8a83","C3N-01620","CPTAC3 Discovery and Confirmatory","Primary Tumor","Head and Neck","Head and Neck Squamous Cell Carcinoma","no","Qualified","","","","","","Qualified","Qualified","","","","","","","","","","","","","","","","","","","","","","","","","Clinical Proteomic Tumor Analysis Consortium"
"df5069c6-8f98-11ea-b1fd-0aad30af8a83","CPT0199700003","df4f453d-8f98-11ea-b1fd-0aad30af8a83","C3L-01138-01","df4e9d3d-8f98-11ea-b1fd-0aad30af8a83","C3L-01138","CPTAC3 Discovery and Confirmatory","Primary Tumor","Head and Neck","Head and Neck Squamous Cell Carcinoma","no","Qualified","","","","","","Qualified","Qualified","","","","","","","","","","","","","","","","","","","","","","","","","Clinical Proteomic Tumor Analysis Consortium"
"df5116e9-8f98-11ea-b1fd-0aad30af8a83","CPT0245550003","df501477-8f98-11ea-b1fd-0aad30af8a83","C3N-03781-01","df4f0b7a-8f98-11ea-b1fd-0aad30af8a83","C3N-03781","CPTAC3 Discovery and Confirmatory","Primary Tumor","Head and Neck","Head and Neck Squamous Cell Carcinoma","no","Qualified","","","","","","Qualified","Qualified","","","","","","","","","","","","","","","","","","","","","","","","","Clinical Proteomic Tumor Analysis Consortium"
"df50f151-8f98-11ea-b1fd-0aad30af8a83","CPT0226350003","df4fe7c6-8f98-11ea-b1fd-0aad30af8a83","C3N-03012-05","df4ef2ab-8f98-11ea-b1fd-0aad30af8a83","C3N-03012","CPTAC3 Discovery and Confirmatory","Solid Tissue Normal","Head and Neck","Head and Neck Squamous Cell Carcinoma","no","Qualified","","","","","","Qualified","Qualified","","","","","","","","","","","","","","","","","","","","","","","","","Clinical Proteomic Tumor Analysis Consortium"